STAID,ID,Month,Year,qmeas,X.1,granitic,sedimentary,volcanic,SGEO8,SGEO44,HLR16,HLR18,HLR19,HLR20
T10281800,T10281800,7,1977,11.08,0.0,1.0,0.0,0.0,0.807,0.193,0.0,0.0,0.0,0.9799599198396793
T10281800,T10281800,7,1961,6.38,0.0,1.0,0.0,0.0,0.807,0.193,0.0,0.0,0.0,0.9799599198396793
T10281800,T10281800,7,1964,13.29,0.0,1.0,0.0,0.0,0.807,0.193,0.0,0.0,0.0,0.9799599198396793
T10281800,T10281800,7,1960,6.74,0.0,1.0,0.0,0.0,0.807,0.193,0.0,0.0,0.0,0.9799599198396793
T10281800,T10281800,7,1962,40.52,0.0,1.0,0.0,0.0,0.807,0.193,0.0,0.0,0.0,0.9799599198396793
T10281800,T10281800,7,1959,9.3,0.0,1.0,0.0,0.0,0.807,0.193,0.0,0.0,0.0,0.9799599198396793
T10281800,T10281800,7,1957,31.65,0.0,1.0,0.0,0.0,0.807,0.193,0.0,0.0,0.0,0.9799599198396793
T10281800,T10281800,7,1954,21.74,0.0,1.0,0.0,0.0,0.807,0.193,0.0,0.0,0.0,0.9799599198396793
T10281800,T10281800,7,1966,11.76,0.0,1.0,0.0,0.0,0.807,0.193,0.0,0.0,0.0,0.9799599198396793
T10281800,T10281800,7,1975,18.84,0.0,1.0,0.0,0.0,0.807,0.193,0.0,0.0,0.0,0.9799599198396793
T10281800,T10281800,7,1955,19.06,0.0,1.0,0.0,0.0,0.807,0.193,0.0,0.0,0.0,0.9799599198396793
T10281800,T10281800,7,1976,9.97,0.0,1.0,0.0,0.0,0.807,0.193,0.0,0.0,0.0,0.9799599198396793
T10281800,T10281800,7,1968,14.26,0.0,1.0,0.0,0.0,0.807,0.193,0.0,0.0,0.0,0.9799599198396793
T10281800,T10281800,7,1972,7.35,0.0,1.0,0.0,0.0,0.807,0.193,0.0,0.0,0.0,0.9799599198396793
T10291500,T10291500,7,2007,24.13,0.01624365482233503,0.0,1.0,0.0,0.0,0.0,0.0,0.188,0.0,0.7705410821643287
T10291500,T10291500,7,1960,36.77,0.01624365482233503,0.0,1.0,0.0,0.0,0.0,0.0,0.188,0.0,0.7705410821643287
T10291500,T10291500,7,1999,130.9,0.01624365482233503,0.0,1.0,0.0,0.0,0.0,0.0,0.188,0.0,0.7705410821643287
T10291500,T10291500,7,1955,64.58,0.01624365482233503,0.0,1.0,0.0,0.0,0.0,0.0,0.188,0.0,0.7705410821643287
T10291500,T10291500,7,1954,61.74,0.01624365482233503,0.0,1.0,0.0,0.0,0.0,0.0,0.188,0.0,0.7705410821643287
T10291500,T10291500,7,1975,147.1,0.01624365482233503,0.0,1.0,0.0,0.0,0.0,0.0,0.188,0.0,0.7705410821643287
T10291500,T10291500,7,1976,23.68,0.01624365482233503,0.0,1.0,0.0,0.0,0.0,0.0,0.188,0.0,0.7705410821643287
T10291500,T10291500,7,1962,111.39,0.01624365482233503,0.0,1.0,0.0,0.0,0.0,0.0,0.188,0.0,0.7705410821643287
T10291500,T10291500,7,2008,56.42,0.01624365482233503,0.0,1.0,0.0,0.0,0.0,0.0,0.188,0.0,0.7705410821643287
T10291500,T10291500,7,1961,32.81,0.01624365482233503,0.0,1.0,0.0,0.0,0.0,0.0,0.188,0.0,0.7705410821643287
T10291500,T10291500,7,2002,48.06,0.01624365482233503,0.0,1.0,0.0,0.0,0.0,0.0,0.188,0.0,0.7705410821643287
T10291500,T10291500,7,1957,89.9,0.01624365482233503,0.0,1.0,0.0,0.0,0.0,0.0,0.188,0.0,0.7705410821643287
T10291500,T10291500,7,1968,44.03,0.01624365482233503,0.0,1.0,0.0,0.0,0.0,0.0,0.188,0.0,0.7705410821643287
T10291500,T10291500,7,1964,51.06,0.01624365482233503,0.0,1.0,0.0,0.0,0.0,0.0,0.188,0.0,0.7705410821643287
T10291500,T10291500,7,1966,41.97,0.01624365482233503,0.0,1.0,0.0,0.0,0.0,0.0,0.188,0.0,0.7705410821643287
T10291500,T10291500,7,1977,18.77,0.01624365482233503,0.0,1.0,0.0,0.0,0.0,0.0,0.188,0.0,0.7705410821643287
T10291500,T10291500,7,1979,93.52,0.01624365482233503,0.0,1.0,0.0,0.0,0.0,0.0,0.188,0.0,0.7705410821643287
T10291500,T10291500,7,1959,39.48,0.01624365482233503,0.0,1.0,0.0,0.0,0.0,0.0,0.188,0.0,0.7705410821643287
T10291500,T10291500,7,2001,31.84,0.01624365482233503,0.0,1.0,0.0,0.0,0.0,0.0,0.188,0.0,0.7705410821643287
T10291500,T10291500,7,2004,58.35,0.01624365482233503,0.0,1.0,0.0,0.0,0.0,0.0,0.188,0.0,0.7705410821643287
T10291500,T10291500,7,1972,50.48,0.01624365482233503,0.0,1.0,0.0,0.0,0.0,0.0,0.188,0.0,0.7705410821643287
T10308200,T10308200,7,1975,527.65,0.03451776649746194,0.0,0.0,1.0,0.585,0.0,0.11122244488977955,0.29100000000000004,0.11835506519558676,0.48096192384769537
T10308200,T10308200,7,2007,69.58,0.03451776649746194,0.0,0.0,1.0,0.585,0.0,0.11122244488977955,0.29100000000000004,0.11835506519558676,0.48096192384769537
T10308200,T10308200,7,1985,141.81,0.03451776649746194,0.0,0.0,1.0,0.585,0.0,0.11122244488977955,0.29100000000000004,0.11835506519558676,0.48096192384769537
T10308200,T10308200,7,1977,57.97,0.03451776649746194,0.0,0.0,1.0,0.585,0.0,0.11122244488977955,0.29100000000000004,0.11835506519558676,0.48096192384769537
T10308200,T10308200,7,1999,482.03,0.03451776649746194,0.0,0.0,1.0,0.585,0.0,0.11122244488977955,0.29100000000000004,0.11835506519558676,0.48096192384769537
T10308200,T10308200,7,1991,128.45,0.03451776649746194,0.0,0.0,1.0,0.585,0.0,0.11122244488977955,0.29100000000000004,0.11835506519558676,0.48096192384769537
T10308200,T10308200,7,1966,125.16,0.03451776649746194,0.0,0.0,1.0,0.585,0.0,0.11122244488977955,0.29100000000000004,0.11835506519558676,0.48096192384769537
T10308200,T10308200,7,1964,164.03,0.03451776649746194,0.0,0.0,1.0,0.585,0.0,0.11122244488977955,0.29100000000000004,0.11835506519558676,0.48096192384769537
T10308200,T10308200,7,2008,137.74,0.03451776649746194,0.0,0.0,1.0,0.585,0.0,0.11122244488977955,0.29100000000000004,0.11835506519558676,0.48096192384769537
T10308200,T10308200,7,1987,89.29,0.03451776649746194,0.0,0.0,1.0,0.585,0.0,0.11122244488977955,0.29100000000000004,0.11835506519558676,0.48096192384769537
T10308200,T10308200,7,1979,211.29,0.03451776649746194,0.0,0.0,1.0,0.585,0.0,0.11122244488977955,0.29100000000000004,0.11835506519558676,0.48096192384769537
T10308200,T10308200,7,1981,86.87,0.03451776649746194,0.0,0.0,1.0,0.585,0.0,0.11122244488977955,0.29100000000000004,0.11835506519558676,0.48096192384769537
T10308200,T10308200,7,2009,179.45,0.03451776649746194,0.0,0.0,1.0,0.585,0.0,0.11122244488977955,0.29100000000000004,0.11835506519558676,0.48096192384769537
T10308200,T10308200,7,1988,80.94,0.03451776649746194,0.0,0.0,1.0,0.585,0.0,0.11122244488977955,0.29100000000000004,0.11835506519558676,0.48096192384769537
T10308200,T10308200,7,1990,101.03,0.03451776649746194,0.0,0.0,1.0,0.585,0.0,0.11122244488977955,0.29100000000000004,0.11835506519558676,0.48096192384769537
T10308200,T10308200,7,1972,177.61,0.03451776649746194,0.0,0.0,1.0,0.585,0.0,0.11122244488977955,0.29100000000000004,0.11835506519558676,0.48096192384769537
T10308200,T10308200,7,1961,103.23,0.03451776649746194,0.0,0.0,1.0,0.585,0.0,0.11122244488977955,0.29100000000000004,0.11835506519558676,0.48096192384769537
T10308200,T10308200,7,1992,76.29,0.03451776649746194,0.0,0.0,1.0,0.585,0.0,0.11122244488977955,0.29100000000000004,0.11835506519558676,0.48096192384769537
T10308200,T10308200,7,1962,304.65,0.03451776649746194,0.0,0.0,1.0,0.585,0.0,0.11122244488977955,0.29100000000000004,0.11835506519558676,0.48096192384769537
T10308200,T10308200,7,2001,93.03,0.03451776649746194,0.0,0.0,1.0,0.585,0.0,0.11122244488977955,0.29100000000000004,0.11835506519558676,0.48096192384769537
T10308200,T10308200,7,1968,153.68,0.03451776649746194,0.0,0.0,1.0,0.585,0.0,0.11122244488977955,0.29100000000000004,0.11835506519558676,0.48096192384769537
T10308200,T10308200,7,1976,103.74,0.03451776649746194,0.0,0.0,1.0,0.585,0.0,0.11122244488977955,0.29100000000000004,0.11835506519558676,0.48096192384769537
T10308200,T10308200,7,1994,88.94,0.03451776649746194,0.0,0.0,1.0,0.585,0.0,0.11122244488977955,0.29100000000000004,0.11835506519558676,0.48096192384769537
T10308200,T10308200,7,2002,129.55,0.03451776649746194,0.0,0.0,1.0,0.585,0.0,0.11122244488977955,0.29100000000000004,0.11835506519558676,0.48096192384769537
T10308200,T10308200,7,2004,106.77,0.03451776649746194,0.0,0.0,1.0,0.585,0.0,0.11122244488977955,0.29100000000000004,0.11835506519558676,0.48096192384769537
T10336580,T10336580,7,2004,8.66,0.09137055837563454,1.0,0.0,0.0,1.0,0.0,0.0,0.997,0.0,0.0
T10336580,T10336580,7,1999,44.9,0.09137055837563454,1.0,0.0,0.0,1.0,0.0,0.0,0.997,0.0,0.0
T10336580,T10336580,7,2009,13.3,0.09137055837563454,1.0,0.0,0.0,1.0,0.0,0.0,0.997,0.0,0.0
T10336580,T10336580,7,2001,3.75,0.09137055837563454,1.0,0.0,0.0,1.0,0.0,0.0,0.997,0.0,0.0
T10336580,T10336580,7,2002,10.99,0.09137055837563454,1.0,0.0,0.0,1.0,0.0,0.0,0.997,0.0,0.0
T10336580,T10336580,7,1992,6.25,0.09137055837563454,1.0,0.0,0.0,1.0,0.0,0.0,0.997,0.0,0.0
T10336580,T10336580,7,2007,4.4,0.09137055837563454,1.0,0.0,0.0,1.0,0.0,0.0,0.997,0.0,0.0
T10336580,T10336580,7,1991,12.32,0.09137055837563454,1.0,0.0,0.0,1.0,0.0,0.0,0.997,0.0,0.0
T10336580,T10336580,7,1994,3.4,0.09137055837563454,1.0,0.0,0.0,1.0,0.0,0.0,0.997,0.0,0.0
T10336580,T10336580,7,1990,9.49,0.09137055837563454,1.0,0.0,0.0,1.0,0.0,0.0,0.997,0.0,0.0
T10336580,T10336580,7,2008,7.87,0.09137055837563454,1.0,0.0,0.0,1.0,0.0,0.0,0.997,0.0,0.0
T10336600,T10336600,7,1981,7.23,0.09238578680203044,1.0,0.0,0.0,1.0,0.0,0.003006012024048096,0.993,0.0,0.0
T10336600,T10336600,7,1975,103.45,0.09238578680203044,1.0,0.0,0.0,1.0,0.0,0.003006012024048096,0.993,0.0,0.0
T10336600,T10336600,7,1976,5.27,0.09238578680203044,1.0,0.0,0.0,1.0,0.0,0.003006012024048096,0.993,0.0,0.0
T10336600,T10336600,7,1966,12.9,0.09238578680203044,1.0,0.0,0.0,1.0,0.0,0.003006012024048096,0.993,0.0,0.0
T10336600,T10336600,7,1985,14.42,0.09238578680203044,1.0,0.0,0.0,1.0,0.0,0.003006012024048096,0.993,0.0,0.0
T10336600,T10336600,7,1964,20.8,0.09238578680203044,1.0,0.0,0.0,1.0,0.0,0.003006012024048096,0.993,0.0,0.0
T10336600,T10336600,7,1977,7.9,0.09238578680203044,1.0,0.0,0.0,1.0,0.0,0.003006012024048096,0.993,0.0,0.0
T10336600,T10336600,7,1979,30.06,0.09238578680203044,1.0,0.0,0.0,1.0,0.0,0.003006012024048096,0.993,0.0,0.0
T10336600,T10336600,7,1962,45.81,0.09238578680203044,1.0,0.0,0.0,1.0,0.0,0.003006012024048096,0.993,0.0,0.0
T10336600,T10336600,7,1961,11.43,0.09238578680203044,1.0,0.0,0.0,1.0,0.0,0.003006012024048096,0.993,0.0,0.0
T10336600,T10336600,7,1972,22.65,0.09238578680203044,1.0,0.0,0.0,1.0,0.0,0.003006012024048096,0.993,0.0,0.0
T10336600,T10336600,7,1968,15.06,0.09238578680203044,1.0,0.0,0.0,1.0,0.0,0.003006012024048096,0.993,0.0,0.0
T10336645,T10336645,7,1991,1.51,0.09746192893401015,1.0,0.0,0.0,1.0,0.0,0.9889779559118237,0.011000000000000001,0.0,0.0
T10336645,T10336645,7,2001,0.92,0.09746192893401015,1.0,0.0,0.0,1.0,0.0,0.9889779559118237,0.011000000000000001,0.0,0.0
T10336645,T10336645,7,1992,0.96,0.09746192893401015,1.0,0.0,0.0,1.0,0.0,0.9889779559118237,0.011000000000000001,0.0,0.0
T10336645,T10336645,7,1985,1.12,0.09746192893401015,1.0,0.0,0.0,1.0,0.0,0.9889779559118237,0.011000000000000001,0.0,0.0
T10336645,T10336645,7,1999,5.31,0.09746192893401015,1.0,0.0,0.0,1.0,0.0,0.9889779559118237,0.011000000000000001,0.0,0.0
T10336645,T10336645,7,2002,1.18,0.09746192893401015,1.0,0.0,0.0,1.0,0.0,0.9889779559118237,0.011000000000000001,0.0,0.0
T10336645,T10336645,7,1990,1.16,0.09746192893401015,1.0,0.0,0.0,1.0,0.0,0.9889779559118237,0.011000000000000001,0.0,0.0
T10336645,T10336645,7,2004,1.24,0.09746192893401015,1.0,0.0,0.0,1.0,0.0,0.9889779559118237,0.011000000000000001,0.0,0.0
T10336645,T10336645,7,2007,1.05,0.09746192893401015,1.0,0.0,0.0,1.0,0.0,0.9889779559118237,0.011000000000000001,0.0,0.0
T10336645,T10336645,7,2009,1.23,0.09746192893401015,1.0,0.0,0.0,1.0,0.0,0.9889779559118237,0.011000000000000001,0.0,0.0
T10336645,T10336645,7,2008,1.07,0.09746192893401015,1.0,0.0,0.0,1.0,0.0,0.9889779559118237,0.011000000000000001,0.0,0.0
T10336645,T10336645,7,1987,0.96,0.09746192893401015,1.0,0.0,0.0,1.0,0.0,0.9889779559118237,0.011000000000000001,0.0,0.0
T10336645,T10336645,7,1988,0.76,0.09746192893401015,1.0,0.0,0.0,1.0,0.0,0.9889779559118237,0.011000000000000001,0.0,0.0
T10336645,T10336645,7,1981,0.73,0.09746192893401015,1.0,0.0,0.0,1.0,0.0,0.9889779559118237,0.011000000000000001,0.0,0.0
T10336645,T10336645,7,1994,0.49,0.09746192893401015,1.0,0.0,0.0,1.0,0.0,0.9889779559118237,0.011000000000000001,0.0,0.0
T10336660,T10336660,7,1992,3.25,0.0984771573604061,0.0,0.0,1.0,1.0,0.0,0.003006012024048096,0.022000000000000002,0.00802407221664995,0.9649298597194388
T10336660,T10336660,7,1972,9.77,0.0984771573604061,0.0,0.0,1.0,1.0,0.0,0.003006012024048096,0.022000000000000002,0.00802407221664995,0.9649298597194388
T10336660,T10336660,7,1975,49.55,0.0984771573604061,0.0,0.0,1.0,1.0,0.0,0.003006012024048096,0.022000000000000002,0.00802407221664995,0.9649298597194388
T10336660,T10336660,7,1981,3.72,0.0984771573604061,0.0,0.0,1.0,1.0,0.0,0.003006012024048096,0.022000000000000002,0.00802407221664995,0.9649298597194388
T10336660,T10336660,7,1962,20.08,0.0984771573604061,0.0,0.0,1.0,1.0,0.0,0.003006012024048096,0.022000000000000002,0.00802407221664995,0.9649298597194388
T10336660,T10336660,7,1964,10.56,0.0984771573604061,0.0,0.0,1.0,1.0,0.0,0.003006012024048096,0.022000000000000002,0.00802407221664995,0.9649298597194388
T10336660,T10336660,7,1999,36.6,0.0984771573604061,0.0,0.0,1.0,1.0,0.0,0.003006012024048096,0.022000000000000002,0.00802407221664995,0.9649298597194388
T10336660,T10336660,7,1977,3.73,0.0984771573604061,0.0,0.0,1.0,1.0,0.0,0.003006012024048096,0.022000000000000002,0.00802407221664995,0.9649298597194388
T10336660,T10336660,7,2001,2.76,0.0984771573604061,0.0,0.0,1.0,1.0,0.0,0.003006012024048096,0.022000000000000002,0.00802407221664995,0.9649298597194388
T10336660,T10336660,7,1991,10.31,0.0984771573604061,0.0,0.0,1.0,1.0,0.0,0.003006012024048096,0.022000000000000002,0.00802407221664995,0.9649298597194388
T10336660,T10336660,7,1961,5.85,0.0984771573604061,0.0,0.0,1.0,1.0,0.0,0.003006012024048096,0.022000000000000002,0.00802407221664995,0.9649298597194388
T10336660,T10336660,7,1988,3.64,0.0984771573604061,0.0,0.0,1.0,1.0,0.0,0.003006012024048096,0.022000000000000002,0.00802407221664995,0.9649298597194388
T10336660,T10336660,7,1985,5.75,0.0984771573604061,0.0,0.0,1.0,1.0,0.0,0.003006012024048096,0.022000000000000002,0.00802407221664995,0.9649298597194388
T10336660,T10336660,7,1994,3.15,0.0984771573604061,0.0,0.0,1.0,1.0,0.0,0.003006012024048096,0.022000000000000002,0.00802407221664995,0.9649298597194388
T10336660,T10336660,7,1966,5.93,0.0984771573604061,0.0,0.0,1.0,1.0,0.0,0.003006012024048096,0.022000000000000002,0.00802407221664995,0.9649298597194388
T10336660,T10336660,7,2009,7.9,0.0984771573604061,0.0,0.0,1.0,1.0,0.0,0.003006012024048096,0.022000000000000002,0.00802407221664995,0.9649298597194388
T10336660,T10336660,7,1987,3.11,0.0984771573604061,0.0,0.0,1.0,1.0,0.0,0.003006012024048096,0.022000000000000002,0.00802407221664995,0.9649298597194388
T10336660,T10336660,7,1976,3.37,0.0984771573604061,0.0,0.0,1.0,1.0,0.0,0.003006012024048096,0.022000000000000002,0.00802407221664995,0.9649298597194388
T10336660,T10336660,7,2008,6.19,0.0984771573604061,0.0,0.0,1.0,1.0,0.0,0.003006012024048096,0.022000000000000002,0.00802407221664995,0.9649298597194388
T10336660,T10336660,7,2007,4.41,0.0984771573604061,0.0,0.0,1.0,1.0,0.0,0.003006012024048096,0.022000000000000002,0.00802407221664995,0.9649298597194388
T10336660,T10336660,7,1979,10.45,0.0984771573604061,0.0,0.0,1.0,1.0,0.0,0.003006012024048096,0.022000000000000002,0.00802407221664995,0.9649298597194388
T10336660,T10336660,7,2002,8.77,0.0984771573604061,0.0,0.0,1.0,1.0,0.0,0.003006012024048096,0.022000000000000002,0.00802407221664995,0.9649298597194388
T10336660,T10336660,7,2004,9.03,0.0984771573604061,0.0,0.0,1.0,1.0,0.0,0.003006012024048096,0.022000000000000002,0.00802407221664995,0.9649298597194388
T10336660,T10336660,7,1990,5.83,0.0984771573604061,0.0,0.0,1.0,1.0,0.0,0.003006012024048096,0.022000000000000002,0.00802407221664995,0.9649298597194388
T10336660,T10336660,7,1968,7.76,0.0984771573604061,0.0,0.0,1.0,1.0,0.0,0.003006012024048096,0.022000000000000002,0.00802407221664995,0.9649298597194388
T10336674,T10336674,7,2008,2.57,0.09949238578680206,0.0,0.0,1.0,1.0,0.0,0.0,0.0,0.9919759277833501,0.011022044088176353
T10336674,T10336674,7,2004,4.7,0.09949238578680206,0.0,0.0,1.0,1.0,0.0,0.0,0.0,0.9919759277833501,0.011022044088176353
T10336674,T10336674,7,2007,0.93,0.09949238578680206,0.0,0.0,1.0,1.0,0.0,0.0,0.0,0.9919759277833501,0.011022044088176353
T10336674,T10336674,7,2002,4.19,0.09949238578680206,0.0,0.0,1.0,1.0,0.0,0.0,0.0,0.9919759277833501,0.011022044088176353
T10336674,T10336674,7,2001,1.2,0.09949238578680206,0.0,0.0,1.0,1.0,0.0,0.0,0.0,0.9919759277833501,0.011022044088176353
T10336674,T10336674,7,1992,0.91,0.09949238578680206,0.0,0.0,1.0,1.0,0.0,0.0,0.0,0.9919759277833501,0.011022044088176353
T10336674,T10336674,7,1994,0.81,0.09949238578680206,0.0,0.0,1.0,1.0,0.0,0.0,0.0,0.9919759277833501,0.011022044088176353
T10336674,T10336674,7,2009,3.98,0.09949238578680206,0.0,0.0,1.0,1.0,0.0,0.0,0.0,0.9919759277833501,0.011022044088176353
T10336674,T10336674,7,1999,19.22,0.09949238578680206,0.0,0.0,1.0,1.0,0.0,0.0,0.0,0.9919759277833501,0.011022044088176353
T10336676,T10336676,7,1977,1.14,0.10050761421319795,0.0,0.0,1.0,1.0,0.0,0.003006012024048096,0.0,0.9879638916750251,0.007014028056112224
T10336676,T10336676,7,1994,1.1,0.10050761421319795,0.0,0.0,1.0,1.0,0.0,0.003006012024048096,0.0,0.9879638916750251,0.007014028056112224
T10336676,T10336676,7,1985,3.29,0.10050761421319795,0.0,0.0,1.0,1.0,0.0,0.003006012024048096,0.0,0.9879638916750251,0.007014028056112224
T10336676,T10336676,7,2001,1.0,0.10050761421319795,0.0,0.0,1.0,1.0,0.0,0.003006012024048096,0.0,0.9879638916750251,0.007014028056112224
T10336676,T10336676,7,1981,1.39,0.10050761421319795,0.0,0.0,1.0,1.0,0.0,0.003006012024048096,0.0,0.9879638916750251,0.007014028056112224
T10336676,T10336676,7,2008,2.9,0.10050761421319795,0.0,0.0,1.0,1.0,0.0,0.003006012024048096,0.0,0.9879638916750251,0.007014028056112224
T10336676,T10336676,7,2009,4.59,0.10050761421319795,0.0,0.0,1.0,1.0,0.0,0.003006012024048096,0.0,0.9879638916750251,0.007014028056112224
T10336676,T10336676,7,1975,39.19,0.10050761421319795,0.0,0.0,1.0,1.0,0.0,0.003006012024048096,0.0,0.9879638916750251,0.007014028056112224
T10336676,T10336676,7,1990,3.57,0.10050761421319795,0.0,0.0,1.0,1.0,0.0,0.003006012024048096,0.0,0.9879638916750251,0.007014028056112224
T10336676,T10336676,7,1979,8.55,0.10050761421319795,0.0,0.0,1.0,1.0,0.0,0.003006012024048096,0.0,0.9879638916750251,0.007014028056112224
T10336676,T10336676,7,1976,1.61,0.10050761421319795,0.0,0.0,1.0,1.0,0.0,0.003006012024048096,0.0,0.9879638916750251,0.007014028056112224
T10336676,T10336676,7,2004,5.12,0.10050761421319795,0.0,0.0,1.0,1.0,0.0,0.003006012024048096,0.0,0.9879638916750251,0.007014028056112224
T10336676,T10336676,7,1992,1.54,0.10050761421319795,0.0,0.0,1.0,1.0,0.0,0.003006012024048096,0.0,0.9879638916750251,0.007014028056112224
T10336676,T10336676,7,1999,25.46,0.10050761421319795,0.0,0.0,1.0,1.0,0.0,0.003006012024048096,0.0,0.9879638916750251,0.007014028056112224
T10336676,T10336676,7,1987,1.19,0.10050761421319795,0.0,0.0,1.0,1.0,0.0,0.003006012024048096,0.0,0.9879638916750251,0.007014028056112224
T10336676,T10336676,7,2002,5.81,0.10050761421319795,0.0,0.0,1.0,1.0,0.0,0.003006012024048096,0.0,0.9879638916750251,0.007014028056112224
T10336676,T10336676,7,1988,1.47,0.10050761421319795,0.0,0.0,1.0,1.0,0.0,0.003006012024048096,0.0,0.9879638916750251,0.007014028056112224
T10336676,T10336676,7,2007,1.33,0.10050761421319795,0.0,0.0,1.0,1.0,0.0,0.003006012024048096,0.0,0.9879638916750251,0.007014028056112224
T10336676,T10336676,7,1991,6.35,0.10050761421319795,0.0,0.0,1.0,1.0,0.0,0.003006012024048096,0.0,0.9879638916750251,0.007014028056112224
T10336770,T10336770,7,1999,18.0,0.10964467005076142,1.0,0.0,0.0,1.0,0.0,0.0,1.0,0.0,0.0
T10336770,T10336770,7,1990,4.85,0.10964467005076142,1.0,0.0,0.0,1.0,0.0,0.0,1.0,0.0,0.0
T10336770,T10336770,7,2001,3.41,0.10964467005076142,1.0,0.0,0.0,1.0,0.0,0.0,1.0,0.0,0.0
T10336770,T10336770,7,2004,6.76,0.10964467005076142,1.0,0.0,0.0,1.0,0.0,0.0,1.0,0.0,0.0
T10336770,T10336770,7,2002,5.83,0.10964467005076142,1.0,0.0,0.0,1.0,0.0,0.0,1.0,0.0,0.0
T10336770,T10336770,7,2007,4.94,0.10964467005076142,1.0,0.0,0.0,1.0,0.0,0.0,1.0,0.0,0.0
T10336770,T10336770,7,2009,5.85,0.10964467005076142,1.0,0.0,0.0,1.0,0.0,0.0,1.0,0.0,0.0
T10336770,T10336770,7,1991,5.52,0.10964467005076142,1.0,0.0,0.0,1.0,0.0,0.0,1.0,0.0,0.0
T10336770,T10336770,7,2008,5.42,0.10964467005076142,1.0,0.0,0.0,1.0,0.0,0.0,1.0,0.0,0.0
T10336770,T10336770,7,1994,3.75,0.10964467005076142,1.0,0.0,0.0,1.0,0.0,0.0,1.0,0.0,0.0
T10336770,T10336770,7,1992,3.6,0.10964467005076142,1.0,0.0,0.0,1.0,0.0,0.0,1.0,0.0,0.0
T10343500,T10343500,7,1991,2.15,0.12284263959390865,0.0,0.0,1.0,0.0,0.0,0.9789579158316634,0.0,0.0,0.023046092184368736
T10343500,T10343500,7,1988,1.7,0.12284263959390865,0.0,0.0,1.0,0.0,0.0,0.9789579158316634,0.0,0.0,0.023046092184368736
T10343500,T10343500,7,1987,2.33,0.12284263959390865,0.0,0.0,1.0,0.0,0.0,0.9789579158316634,0.0,0.0,0.023046092184368736
T10343500,T10343500,7,2007,1.83,0.12284263959390865,0.0,0.0,1.0,0.0,0.0,0.9789579158316634,0.0,0.0,0.023046092184368736
T10343500,T10343500,7,2008,2.01,0.12284263959390865,0.0,0.0,1.0,0.0,0.0,0.9789579158316634,0.0,0.0,0.023046092184368736
T10343500,T10343500,7,1977,1.43,0.12284263959390865,0.0,0.0,1.0,0.0,0.0,0.9789579158316634,0.0,0.0,0.023046092184368736
T10343500,T10343500,7,1979,2.78,0.12284263959390865,0.0,0.0,1.0,0.0,0.0,0.9789579158316634,0.0,0.0,0.023046092184368736
T10343500,T10343500,7,1976,2.02,0.12284263959390865,0.0,0.0,1.0,0.0,0.0,0.9789579158316634,0.0,0.0,0.023046092184368736
T10343500,T10343500,7,1964,3.42,0.12284263959390865,0.0,0.0,1.0,0.0,0.0,0.9789579158316634,0.0,0.0,0.023046092184368736
T10343500,T10343500,7,1985,3.2,0.12284263959390865,0.0,0.0,1.0,0.0,0.0,0.9789579158316634,0.0,0.0,0.023046092184368736
T10343500,T10343500,7,1966,2.84,0.12284263959390865,0.0,0.0,1.0,0.0,0.0,0.9789579158316634,0.0,0.0,0.023046092184368736
T10343500,T10343500,7,2004,2.25,0.12284263959390865,0.0,0.0,1.0,0.0,0.0,0.9789579158316634,0.0,0.0,0.023046092184368736
T10343500,T10343500,7,1960,1.85,0.12284263959390865,0.0,0.0,1.0,0.0,0.0,0.9789579158316634,0.0,0.0,0.023046092184368736
T10343500,T10343500,7,1955,2.8,0.12284263959390865,0.0,0.0,1.0,0.0,0.0,0.9789579158316634,0.0,0.0,0.023046092184368736
T10343500,T10343500,7,1959,1.78,0.12284263959390865,0.0,0.0,1.0,0.0,0.0,0.9789579158316634,0.0,0.0,0.023046092184368736
T10343500,T10343500,7,1972,3.99,0.12284263959390865,0.0,0.0,1.0,0.0,0.0,0.9789579158316634,0.0,0.0,0.023046092184368736
T10343500,T10343500,7,1981,1.55,0.12284263959390865,0.0,0.0,1.0,0.0,0.0,0.9789579158316634,0.0,0.0,0.023046092184368736
T10343500,T10343500,7,1990,1.96,0.12284263959390865,0.0,0.0,1.0,0.0,0.0,0.9789579158316634,0.0,0.0,0.023046092184368736
T10343500,T10343500,7,1994,1.36,0.12284263959390865,0.0,0.0,1.0,0.0,0.0,0.9789579158316634,0.0,0.0,0.023046092184368736
T10343500,T10343500,7,1975,10.11,0.12284263959390865,0.0,0.0,1.0,0.0,0.0,0.9789579158316634,0.0,0.0,0.023046092184368736
T10343500,T10343500,7,2009,2.27,0.12284263959390865,0.0,0.0,1.0,0.0,0.0,0.9789579158316634,0.0,0.0,0.023046092184368736
T10343500,T10343500,7,1957,3.52,0.12284263959390865,0.0,0.0,1.0,0.0,0.0,0.9789579158316634,0.0,0.0,0.023046092184368736
T10343500,T10343500,7,2002,2.33,0.12284263959390865,0.0,0.0,1.0,0.0,0.0,0.9789579158316634,0.0,0.0,0.023046092184368736
T10343500,T10343500,7,1962,3.5,0.12284263959390865,0.0,0.0,1.0,0.0,0.0,0.9789579158316634,0.0,0.0,0.023046092184368736
T10343500,T10343500,7,1992,1.42,0.12284263959390865,0.0,0.0,1.0,0.0,0.0,0.9789579158316634,0.0,0.0,0.023046092184368736
T10343500,T10343500,7,1954,2.51,0.12284263959390865,0.0,0.0,1.0,0.0,0.0,0.9789579158316634,0.0,0.0,0.023046092184368736
T10343500,T10343500,7,1961,1.51,0.12284263959390865,0.0,0.0,1.0,0.0,0.0,0.9789579158316634,0.0,0.0,0.023046092184368736
T10343500,T10343500,7,1999,10.89,0.12284263959390865,0.0,0.0,1.0,0.0,0.0,0.9789579158316634,0.0,0.0,0.023046092184368736
T10343500,T10343500,7,2001,1.75,0.12284263959390865,0.0,0.0,1.0,0.0,0.0,0.9789579158316634,0.0,0.0,0.023046092184368736
T10343500,T10343500,7,1968,3.02,0.12284263959390865,0.0,0.0,1.0,0.0,0.0,0.9789579158316634,0.0,0.0,0.023046092184368736
T10360900,T10360900,7,1972,16.45,0.15939086294416246,0.0,0.0,1.0,0.0,0.0,0.006012024048096192,0.991,0.0,0.003006012024048096
T10360900,T10360900,7,1961,6.98,0.15939086294416246,0.0,0.0,1.0,0.0,0.0,0.006012024048096192,0.991,0.0,0.003006012024048096
T10360900,T10360900,7,1966,6.13,0.15939086294416246,0.0,0.0,1.0,0.0,0.0,0.006012024048096192,0.991,0.0,0.003006012024048096
T10360900,T10360900,7,1962,10.11,0.15939086294416246,0.0,0.0,1.0,0.0,0.0,0.006012024048096192,0.991,0.0,0.003006012024048096
T10360900,T10360900,7,1968,5.02,0.15939086294416246,0.0,0.0,1.0,0.0,0.0,0.006012024048096192,0.991,0.0,0.003006012024048096
T10360900,T10360900,7,1975,21.45,0.15939086294416246,0.0,0.0,1.0,0.0,0.0,0.006012024048096192,0.991,0.0,0.003006012024048096
T10360900,T10360900,7,1964,22.58,0.15939086294416246,0.0,0.0,1.0,0.0,0.0,0.006012024048096192,0.991,0.0,0.003006012024048096
T10360900,T10360900,7,1981,5.88,0.15939086294416246,0.0,0.0,1.0,0.0,0.0,0.006012024048096192,0.991,0.0,0.003006012024048096
T10360900,T10360900,7,1979,10.19,0.15939086294416246,0.0,0.0,1.0,0.0,0.0,0.006012024048096192,0.991,0.0,0.003006012024048096
T10360900,T10360900,7,1976,10.35,0.15939086294416246,0.0,0.0,1.0,0.0,0.0,0.006012024048096192,0.991,0.0,0.003006012024048096
T10360900,T10360900,7,1977,3.78,0.15939086294416246,0.0,0.0,1.0,0.0,0.0,0.006012024048096192,0.991,0.0,0.003006012024048096
T11203580,T11203580,7,2004,2.46,0.6690355329949239,1.0,0.0,0.0,0.0,1.0,0.0,0.125,0.0,0.876753507014028
T11203580,T11203580,7,2008,5.43,0.6690355329949239,1.0,0.0,0.0,0.0,1.0,0.0,0.125,0.0,0.876753507014028
T11203580,T11203580,7,2007,2.02,0.6690355329949239,1.0,0.0,0.0,0.0,1.0,0.0,0.125,0.0,0.876753507014028
T11203580,T11203580,7,2009,4.35,0.6690355329949239,1.0,0.0,0.0,0.0,1.0,0.0,0.125,0.0,0.876753507014028
T11203580,T11203580,7,2002,5.22,0.6690355329949239,1.0,0.0,0.0,0.0,1.0,0.0,0.125,0.0,0.876753507014028
T11203580,T11203580,7,2001,4.17,0.6690355329949239,1.0,0.0,0.0,0.0,1.0,0.0,0.125,0.0,0.876753507014028
T11213500,T11213500,7,1955,1169.65,0.684263959390863,1.0,0.0,0.0,0.664,0.336,0.04108216432865731,0.197,0.0,0.7625250501002003
T11213500,T11213500,7,1968,652.68,0.684263959390863,1.0,0.0,0.0,0.664,0.336,0.04108216432865731,0.197,0.0,0.7625250501002003
T11213500,T11213500,7,1957,1431.65,0.684263959390863,1.0,0.0,0.0,0.664,0.336,0.04108216432865731,0.197,0.0,0.7625250501002003
T11213500,T11213500,7,1966,660.35,0.684263959390863,1.0,0.0,0.0,0.664,0.336,0.04108216432865731,0.197,0.0,0.7625250501002003
T11213500,T11213500,7,1976,346.48,0.684263959390863,1.0,0.0,0.0,0.664,0.336,0.04108216432865731,0.197,0.0,0.7625250501002003
T11213500,T11213500,7,1959,436.23,0.684263959390863,1.0,0.0,0.0,0.664,0.336,0.04108216432865731,0.197,0.0,0.7625250501002003
T11213500,T11213500,7,1954,1154.61,0.684263959390863,1.0,0.0,0.0,0.664,0.336,0.04108216432865731,0.197,0.0,0.7625250501002003
T11213500,T11213500,7,1981,632.13,0.684263959390863,1.0,0.0,0.0,0.664,0.336,0.04108216432865731,0.197,0.0,0.7625250501002003
T11213500,T11213500,7,1960,385.19,0.684263959390863,1.0,0.0,0.0,0.664,0.336,0.04108216432865731,0.197,0.0,0.7625250501002003
T11213500,T11213500,7,1972,535.16,0.684263959390863,1.0,0.0,0.0,0.664,0.336,0.04108216432865731,0.197,0.0,0.7625250501002003
T11213500,T11213500,7,1962,2507.1,0.684263959390863,1.0,0.0,0.0,0.664,0.336,0.04108216432865731,0.197,0.0,0.7625250501002003
T11213500,T11213500,7,1979,1502.29,0.684263959390863,1.0,0.0,0.0,0.664,0.336,0.04108216432865731,0.197,0.0,0.7625250501002003
T11213500,T11213500,7,1964,761.16,0.684263959390863,1.0,0.0,0.0,0.664,0.336,0.04108216432865731,0.197,0.0,0.7625250501002003
T11213500,T11213500,7,1975,1636.87,0.684263959390863,1.0,0.0,0.0,0.664,0.336,0.04108216432865731,0.197,0.0,0.7625250501002003
T11213500,T11213500,7,1977,297.77,0.684263959390863,1.0,0.0,0.0,0.664,0.336,0.04108216432865731,0.197,0.0,0.7625250501002003
T11213500,T11213500,7,1961,312.35,0.684263959390863,1.0,0.0,0.0,0.664,0.336,0.04108216432865731,0.197,0.0,0.7625250501002003
T11214000,T11214000,7,1959,9.22,0.6852791878172589,1.0,0.0,0.0,1.0,0.0,0.0,0.995,0.0,0.00501002004008016
T11214000,T11214000,7,1966,18.54,0.6852791878172589,1.0,0.0,0.0,1.0,0.0,0.0,0.995,0.0,0.00501002004008016
T11214000,T11214000,7,1976,13.75,0.6852791878172589,1.0,0.0,0.0,1.0,0.0,0.0,0.995,0.0,0.00501002004008016
T11214000,T11214000,7,1975,70.58,0.6852791878172589,1.0,0.0,0.0,1.0,0.0,0.0,0.995,0.0,0.00501002004008016
T11214000,T11214000,7,1981,17.55,0.6852791878172589,1.0,0.0,0.0,1.0,0.0,0.0,0.995,0.0,0.00501002004008016
T11214000,T11214000,7,1964,16.17,0.6852791878172589,1.0,0.0,0.0,1.0,0.0,0.0,0.995,0.0,0.00501002004008016
T11214000,T11214000,7,1960,10.95,0.6852791878172589,1.0,0.0,0.0,1.0,0.0,0.0,0.995,0.0,0.00501002004008016
T11214000,T11214000,7,1957,50.94,0.6852791878172589,1.0,0.0,0.0,1.0,0.0,0.0,0.995,0.0,0.00501002004008016
T11214000,T11214000,7,1977,5.85,0.6852791878172589,1.0,0.0,0.0,1.0,0.0,0.0,0.995,0.0,0.00501002004008016
T11214000,T11214000,7,1962,123.87,0.6852791878172589,1.0,0.0,0.0,1.0,0.0,0.0,0.995,0.0,0.00501002004008016
T11214000,T11214000,7,1968,12.94,0.6852791878172589,1.0,0.0,0.0,1.0,0.0,0.0,0.995,0.0,0.00501002004008016
T11214000,T11214000,7,1979,44.03,0.6852791878172589,1.0,0.0,0.0,1.0,0.0,0.0,0.995,0.0,0.00501002004008016
T11214000,T11214000,7,1972,19.83,0.6852791878172589,1.0,0.0,0.0,1.0,0.0,0.0,0.995,0.0,0.00501002004008016
T11214000,T11214000,7,1961,6.11,0.6852791878172589,1.0,0.0,0.0,1.0,0.0,0.0,0.995,0.0,0.00501002004008016
T11220000,T11220000,7,1966,1.93,0.6944162436548224,1.0,0.0,0.0,0.0,1.0,0.002004008016032064,0.998,0.0,0.0
T11220000,T11220000,7,1964,3.29,0.6944162436548224,1.0,0.0,0.0,0.0,1.0,0.002004008016032064,0.998,0.0,0.0
T11220000,T11220000,7,1961,0.07,0.6944162436548224,1.0,0.0,0.0,0.0,1.0,0.002004008016032064,0.998,0.0,0.0
T11220000,T11220000,7,1954,5.5,0.6944162436548224,1.0,0.0,0.0,0.0,1.0,0.002004008016032064,0.998,0.0,0.0
T11220000,T11220000,7,1962,7.01,0.6944162436548224,1.0,0.0,0.0,0.0,1.0,0.002004008016032064,0.998,0.0,0.0
T11220000,T11220000,7,1960,0.92,0.6944162436548224,1.0,0.0,0.0,0.0,1.0,0.002004008016032064,0.998,0.0,0.0
T11220000,T11220000,7,1957,8.0,0.6944162436548224,1.0,0.0,0.0,0.0,1.0,0.002004008016032064,0.998,0.0,0.0
T11220000,T11220000,7,1959,1.14,0.6944162436548224,1.0,0.0,0.0,0.0,1.0,0.002004008016032064,0.998,0.0,0.0
T11220000,T11220000,7,1955,5.84,0.6944162436548224,1.0,0.0,0.0,0.0,1.0,0.002004008016032064,0.998,0.0,0.0
T11220000,T11220000,7,1968,0.87,0.6944162436548224,1.0,0.0,0.0,0.0,1.0,0.002004008016032064,0.998,0.0,0.0
T11220000,T11220000,7,1972,0.86,0.6944162436548224,1.0,0.0,0.0,0.0,1.0,0.002004008016032064,0.998,0.0,0.0
T11226500,T11226500,7,1972,316.55,0.7005076142131981,1.0,0.0,0.0,0.9940000000000001,0.006,0.0,0.39299999999999996,0.0,0.6062124248496994
T11226500,T11226500,7,1979,573.1,0.7005076142131981,1.0,0.0,0.0,0.9940000000000001,0.006,0.0,0.39299999999999996,0.0,0.6062124248496994
T11226500,T11226500,7,1990,329.58,0.7005076142131981,1.0,0.0,0.0,0.9940000000000001,0.006,0.0,0.39299999999999996,0.0,0.6062124248496994
T11226500,T11226500,7,1977,109.45,0.7005076142131981,1.0,0.0,0.0,0.9940000000000001,0.006,0.0,0.39299999999999996,0.0,0.6062124248496994
T11226500,T11226500,7,1976,154.55,0.7005076142131981,1.0,0.0,0.0,0.9940000000000001,0.006,0.0,0.39299999999999996,0.0,0.6062124248496994
T11226500,T11226500,7,1975,1016.58,0.7005076142131981,1.0,0.0,0.0,0.9940000000000001,0.006,0.0,0.39299999999999996,0.0,0.6062124248496994
T11226500,T11226500,7,1988,248.58,0.7005076142131981,1.0,0.0,0.0,0.9940000000000001,0.006,0.0,0.39299999999999996,0.0,0.6062124248496994
T11226500,T11226500,7,1987,179.23,0.7005076142131981,1.0,0.0,0.0,0.9940000000000001,0.006,0.0,0.39299999999999996,0.0,0.6062124248496994
T11226500,T11226500,7,1961,169.97,0.7005076142131981,1.0,0.0,0.0,0.9940000000000001,0.006,0.0,0.39299999999999996,0.0,0.6062124248496994
T11226500,T11226500,7,1981,277.32,0.7005076142131981,1.0,0.0,0.0,0.9940000000000001,0.006,0.0,0.39299999999999996,0.0,0.6062124248496994
T11226500,T11226500,7,1959,246.29,0.7005076142131981,1.0,0.0,0.0,0.9940000000000001,0.006,0.0,0.39299999999999996,0.0,0.6062124248496994
T11226500,T11226500,7,1962,1209.23,0.7005076142131981,1.0,0.0,0.0,0.9940000000000001,0.006,0.0,0.39299999999999996,0.0,0.6062124248496994
T11226500,T11226500,7,1955,561.19,0.7005076142131981,1.0,0.0,0.0,0.9940000000000001,0.006,0.0,0.39299999999999996,0.0,0.6062124248496994
T11226500,T11226500,7,1985,303.35,0.7005076142131981,1.0,0.0,0.0,0.9940000000000001,0.006,0.0,0.39299999999999996,0.0,0.6062124248496994
T11226500,T11226500,7,1954,433.81,0.7005076142131981,1.0,0.0,0.0,0.9940000000000001,0.006,0.0,0.39299999999999996,0.0,0.6062124248496994
T11226500,T11226500,7,1960,255.19,0.7005076142131981,1.0,0.0,0.0,0.9940000000000001,0.006,0.0,0.39299999999999996,0.0,0.6062124248496994
T11226500,T11226500,7,1991,532.68,0.7005076142131981,1.0,0.0,0.0,0.9940000000000001,0.006,0.0,0.39299999999999996,0.0,0.6062124248496994
T11226500,T11226500,7,1957,701.35,0.7005076142131981,1.0,0.0,0.0,0.9940000000000001,0.006,0.0,0.39299999999999996,0.0,0.6062124248496994
T11226500,T11226500,7,1966,301.35,0.7005076142131981,1.0,0.0,0.0,0.9940000000000001,0.006,0.0,0.39299999999999996,0.0,0.6062124248496994
T11226500,T11226500,7,1964,383.23,0.7005076142131981,1.0,0.0,0.0,0.9940000000000001,0.006,0.0,0.39299999999999996,0.0,0.6062124248496994
T11226500,T11226500,7,1968,274.23,0.7005076142131981,1.0,0.0,0.0,0.9940000000000001,0.006,0.0,0.39299999999999996,0.0,0.6062124248496994
T11230500,T11230500,7,1954,100.42,0.7055837563451778,1.0,0.0,0.0,1.0,0.0,0.0,0.452,0.0,0.5480961923847696
T11230500,T11230500,7,1981,60.0,0.7055837563451778,1.0,0.0,0.0,1.0,0.0,0.0,0.452,0.0,0.5480961923847696
T11230500,T11230500,7,2009,122.29,0.7055837563451778,1.0,0.0,0.0,1.0,0.0,0.0,0.452,0.0,0.5480961923847696
T11230500,T11230500,7,1972,57.16,0.7055837563451778,1.0,0.0,0.0,1.0,0.0,0.0,0.452,0.0,0.5480961923847696
T11230500,T11230500,7,1992,44.58,0.7055837563451778,1.0,0.0,0.0,1.0,0.0,0.0,0.452,0.0,0.5480961923847696
T11230500,T11230500,7,1979,137.16,0.7055837563451778,1.0,0.0,0.0,1.0,0.0,0.0,0.452,0.0,0.5480961923847696
T11230500,T11230500,7,2001,50.81,0.7055837563451778,1.0,0.0,0.0,1.0,0.0,0.0,0.452,0.0,0.5480961923847696
T11230500,T11230500,7,2002,69.74,0.7055837563451778,1.0,0.0,0.0,1.0,0.0,0.0,0.452,0.0,0.5480961923847696
T11230500,T11230500,7,1962,252.19,0.7055837563451778,1.0,0.0,0.0,1.0,0.0,0.0,0.452,0.0,0.5480961923847696
T11230500,T11230500,7,1990,67.06,0.7055837563451778,1.0,0.0,0.0,1.0,0.0,0.0,0.452,0.0,0.5480961923847696
T11230500,T11230500,7,1977,38.03,0.7055837563451778,1.0,0.0,0.0,1.0,0.0,0.0,0.452,0.0,0.5480961923847696
T11230500,T11230500,7,1988,57.74,0.7055837563451778,1.0,0.0,0.0,1.0,0.0,0.0,0.452,0.0,0.5480961923847696
T11230500,T11230500,7,1955,106.03,0.7055837563451778,1.0,0.0,0.0,1.0,0.0,0.0,0.452,0.0,0.5480961923847696
T11230500,T11230500,7,1994,50.19,0.7055837563451778,1.0,0.0,0.0,1.0,0.0,0.0,0.452,0.0,0.5480961923847696
T11230500,T11230500,7,1985,70.45,0.7055837563451778,1.0,0.0,0.0,1.0,0.0,0.0,0.452,0.0,0.5480961923847696
T11230500,T11230500,7,1987,45.35,0.7055837563451778,1.0,0.0,0.0,1.0,0.0,0.0,0.452,0.0,0.5480961923847696
T11230500,T11230500,7,2008,86.19,0.7055837563451778,1.0,0.0,0.0,1.0,0.0,0.0,0.452,0.0,0.5480961923847696
T11230500,T11230500,7,2007,28.87,0.7055837563451778,1.0,0.0,0.0,1.0,0.0,0.0,0.452,0.0,0.5480961923847696
T11230500,T11230500,7,1959,45.9,0.7055837563451778,1.0,0.0,0.0,1.0,0.0,0.0,0.452,0.0,0.5480961923847696
T11230500,T11230500,7,1961,33.39,0.7055837563451778,1.0,0.0,0.0,1.0,0.0,0.0,0.452,0.0,0.5480961923847696
T11230500,T11230500,7,1964,70.9,0.7055837563451778,1.0,0.0,0.0,1.0,0.0,0.0,0.452,0.0,0.5480961923847696
T11230500,T11230500,7,1975,156.23,0.7055837563451778,1.0,0.0,0.0,1.0,0.0,0.0,0.452,0.0,0.5480961923847696
T11230500,T11230500,7,1976,41.29,0.7055837563451778,1.0,0.0,0.0,1.0,0.0,0.0,0.452,0.0,0.5480961923847696
T11230500,T11230500,7,1999,120.55,0.7055837563451778,1.0,0.0,0.0,1.0,0.0,0.0,0.452,0.0,0.5480961923847696
T11230500,T11230500,7,1960,52.16,0.7055837563451778,1.0,0.0,0.0,1.0,0.0,0.0,0.452,0.0,0.5480961923847696
T11230500,T11230500,7,1968,59.48,0.7055837563451778,1.0,0.0,0.0,1.0,0.0,0.0,0.452,0.0,0.5480961923847696
T11230500,T11230500,7,2004,79.77,0.7055837563451778,1.0,0.0,0.0,1.0,0.0,0.0,0.452,0.0,0.5480961923847696
T11230500,T11230500,7,1991,139.71,0.7055837563451778,1.0,0.0,0.0,1.0,0.0,0.0,0.452,0.0,0.5480961923847696
T11230500,T11230500,7,1966,63.26,0.7055837563451778,1.0,0.0,0.0,1.0,0.0,0.0,0.452,0.0,0.5480961923847696
T11230500,T11230500,7,1957,149.9,0.7055837563451778,1.0,0.0,0.0,1.0,0.0,0.0,0.452,0.0,0.5480961923847696
T11237500,T11237500,7,1977,1.46,0.7147208121827412,1.0,0.0,0.0,0.318,0.682,0.9468937875751503,0.011000000000000001,0.0,0.04408817635270541
T11237500,T11237500,7,1976,1.63,0.7147208121827412,1.0,0.0,0.0,0.318,0.682,0.9468937875751503,0.011000000000000001,0.0,0.04408817635270541
T11237500,T11237500,7,1981,3.22,0.7147208121827412,1.0,0.0,0.0,0.318,0.682,0.9468937875751503,0.011000000000000001,0.0,0.04408817635270541
T11237500,T11237500,7,1960,1.61,0.7147208121827412,1.0,0.0,0.0,0.318,0.682,0.9468937875751503,0.011000000000000001,0.0,0.04408817635270541
T11237500,T11237500,7,1975,22.62,0.7147208121827412,1.0,0.0,0.0,0.318,0.682,0.9468937875751503,0.011000000000000001,0.0,0.04408817635270541
T11237500,T11237500,7,1994,1.46,0.7147208121827412,1.0,0.0,0.0,0.318,0.682,0.9468937875751503,0.011000000000000001,0.0,0.04408817635270541
T11237500,T11237500,7,1959,1.3,0.7147208121827412,1.0,0.0,0.0,0.318,0.682,0.9468937875751503,0.011000000000000001,0.0,0.04408817635270541
T11237500,T11237500,7,1992,5.61,0.7147208121827412,1.0,0.0,0.0,0.318,0.682,0.9468937875751503,0.011000000000000001,0.0,0.04408817635270541
T11237500,T11237500,7,2004,1.4,0.7147208121827412,1.0,0.0,0.0,0.318,0.682,0.9468937875751503,0.011000000000000001,0.0,0.04408817635270541
T11237500,T11237500,7,1957,5.3,0.7147208121827412,1.0,0.0,0.0,0.318,0.682,0.9468937875751503,0.011000000000000001,0.0,0.04408817635270541
T11237500,T11237500,7,1991,9.42,0.7147208121827412,1.0,0.0,0.0,0.318,0.682,0.9468937875751503,0.011000000000000001,0.0,0.04408817635270541
T11237500,T11237500,7,1988,3.29,0.7147208121827412,1.0,0.0,0.0,0.318,0.682,0.9468937875751503,0.011000000000000001,0.0,0.04408817635270541
T11237500,T11237500,7,1972,3.41,0.7147208121827412,1.0,0.0,0.0,0.318,0.682,0.9468937875751503,0.011000000000000001,0.0,0.04408817635270541
T11237500,T11237500,7,1985,2.34,0.7147208121827412,1.0,0.0,0.0,0.318,0.682,0.9468937875751503,0.011000000000000001,0.0,0.04408817635270541
T11237500,T11237500,7,1966,3.57,0.7147208121827412,1.0,0.0,0.0,0.318,0.682,0.9468937875751503,0.011000000000000001,0.0,0.04408817635270541
T11237500,T11237500,7,1987,1.67,0.7147208121827412,1.0,0.0,0.0,0.318,0.682,0.9468937875751503,0.011000000000000001,0.0,0.04408817635270541
T11237500,T11237500,7,2007,0.47,0.7147208121827412,1.0,0.0,0.0,0.318,0.682,0.9468937875751503,0.011000000000000001,0.0,0.04408817635270541
T11237500,T11237500,7,1954,4.96,0.7147208121827412,1.0,0.0,0.0,0.318,0.682,0.9468937875751503,0.011000000000000001,0.0,0.04408817635270541
T11237500,T11237500,7,1961,1.58,0.7147208121827412,1.0,0.0,0.0,0.318,0.682,0.9468937875751503,0.011000000000000001,0.0,0.04408817635270541
T11237500,T11237500,7,1990,2.04,0.7147208121827412,1.0,0.0,0.0,0.318,0.682,0.9468937875751503,0.011000000000000001,0.0,0.04408817635270541
T11237500,T11237500,7,1955,6.07,0.7147208121827412,1.0,0.0,0.0,0.318,0.682,0.9468937875751503,0.011000000000000001,0.0,0.04408817635270541
T11237500,T11237500,7,1964,5.33,0.7147208121827412,1.0,0.0,0.0,0.318,0.682,0.9468937875751503,0.011000000000000001,0.0,0.04408817635270541
T11237500,T11237500,7,1962,16.4,0.7147208121827412,1.0,0.0,0.0,0.318,0.682,0.9468937875751503,0.011000000000000001,0.0,0.04408817635270541
T11237500,T11237500,7,2009,3.92,0.7147208121827412,1.0,0.0,0.0,0.318,0.682,0.9468937875751503,0.011000000000000001,0.0,0.04408817635270541
T11237500,T11237500,7,2001,2.86,0.7147208121827412,1.0,0.0,0.0,0.318,0.682,0.9468937875751503,0.011000000000000001,0.0,0.04408817635270541
T11237500,T11237500,7,1968,1.58,0.7147208121827412,1.0,0.0,0.0,0.318,0.682,0.9468937875751503,0.011000000000000001,0.0,0.04408817635270541
T11237500,T11237500,7,2008,3.9,0.7147208121827412,1.0,0.0,0.0,0.318,0.682,0.9468937875751503,0.011000000000000001,0.0,0.04408817635270541
T11237500,T11237500,7,1999,6.68,0.7147208121827412,1.0,0.0,0.0,0.318,0.682,0.9468937875751503,0.011000000000000001,0.0,0.04408817635270541
T11237500,T11237500,7,1979,11.2,0.7147208121827412,1.0,0.0,0.0,0.318,0.682,0.9468937875751503,0.011000000000000001,0.0,0.04408817635270541
T11237500,T11237500,7,2002,2.53,0.7147208121827412,1.0,0.0,0.0,0.318,0.682,0.9468937875751503,0.011000000000000001,0.0,0.04408817635270541
T11257100,T11257100,7,1968,0.98,0.7370558375634518,1.0,0.0,0.0,0.0,1.0,0.0,1.0,0.0,0.0
T11257100,T11257100,7,1979,4.01,0.7370558375634518,1.0,0.0,0.0,0.0,1.0,0.0,1.0,0.0,0.0
T11257100,T11257100,7,1962,1.54,0.7370558375634518,1.0,0.0,0.0,0.0,1.0,0.0,1.0,0.0,0.0
T11257100,T11257100,7,1964,1.17,0.7370558375634518,1.0,0.0,0.0,0.0,1.0,0.0,1.0,0.0,0.0
T11257100,T11257100,7,1972,0.56,0.7370558375634518,1.0,0.0,0.0,0.0,1.0,0.0,1.0,0.0,0.0
T11257100,T11257100,7,1975,4.73,0.7370558375634518,1.0,0.0,0.0,0.0,1.0,0.0,1.0,0.0,0.0
T11257100,T11257100,7,1977,0.03,0.7370558375634518,1.0,0.0,0.0,0.0,1.0,0.0,1.0,0.0,0.0
T11257100,T11257100,7,1976,0.47,0.7370558375634518,1.0,0.0,0.0,0.0,1.0,0.0,1.0,0.0,0.0
T11257100,T11257100,7,1961,0.11,0.7370558375634518,1.0,0.0,0.0,0.0,1.0,0.0,1.0,0.0,0.0
T11257100,T11257100,7,1966,1.06,0.7370558375634518,1.0,0.0,0.0,0.0,1.0,0.0,1.0,0.0,0.0
T11264500,T11264500,7,1976,58.84,0.7451776649746193,1.0,0.0,0.0,1.0,0.0,0.09218436873747494,0.454,0.0,0.4539078156312625
T11264500,T11264500,7,1977,53.87,0.7451776649746193,1.0,0.0,0.0,1.0,0.0,0.09218436873747494,0.454,0.0,0.4539078156312625
T11264500,T11264500,7,1994,72.06,0.7451776649746193,1.0,0.0,0.0,1.0,0.0,0.09218436873747494,0.454,0.0,0.4539078156312625
T11264500,T11264500,7,1985,125.94,0.7451776649746193,1.0,0.0,0.0,1.0,0.0,0.09218436873747494,0.454,0.0,0.4539078156312625
T11264500,T11264500,7,2001,93.0,0.7451776649746193,1.0,0.0,0.0,1.0,0.0,0.09218436873747494,0.454,0.0,0.4539078156312625
T11264500,T11264500,7,1975,519.16,0.7451776649746193,1.0,0.0,0.0,1.0,0.0,0.09218436873747494,0.454,0.0,0.4539078156312625
T11264500,T11264500,7,1981,111.97,0.7451776649746193,1.0,0.0,0.0,1.0,0.0,0.09218436873747494,0.454,0.0,0.4539078156312625
T11264500,T11264500,7,1966,118.42,0.7451776649746193,1.0,0.0,0.0,1.0,0.0,0.09218436873747494,0.454,0.0,0.4539078156312625
T11264500,T11264500,7,1964,162.94,0.7451776649746193,1.0,0.0,0.0,1.0,0.0,0.09218436873747494,0.454,0.0,0.4539078156312625
T11264500,T11264500,7,1999,262.87,0.7451776649746193,1.0,0.0,0.0,1.0,0.0,0.09218436873747494,0.454,0.0,0.4539078156312625
T11264500,T11264500,7,1960,103.65,0.7451776649746193,1.0,0.0,0.0,1.0,0.0,0.09218436873747494,0.454,0.0,0.4539078156312625
T11264500,T11264500,7,1961,79.39,0.7451776649746193,1.0,0.0,0.0,1.0,0.0,0.09218436873747494,0.454,0.0,0.4539078156312625
T11264500,T11264500,7,1979,277.06,0.7451776649746193,1.0,0.0,0.0,1.0,0.0,0.09218436873747494,0.454,0.0,0.4539078156312625
T11264500,T11264500,7,1959,80.65,0.7451776649746193,1.0,0.0,0.0,1.0,0.0,0.09218436873747494,0.454,0.0,0.4539078156312625
T11264500,T11264500,7,1972,145.0,0.7451776649746193,1.0,0.0,0.0,1.0,0.0,0.09218436873747494,0.454,0.0,0.4539078156312625
T11264500,T11264500,7,2009,286.13,0.7451776649746193,1.0,0.0,0.0,1.0,0.0,0.09218436873747494,0.454,0.0,0.4539078156312625
T11264500,T11264500,7,1992,240.48,0.7451776649746193,1.0,0.0,0.0,1.0,0.0,0.09218436873747494,0.454,0.0,0.4539078156312625
T11264500,T11264500,7,1957,257.81,0.7451776649746193,1.0,0.0,0.0,1.0,0.0,0.09218436873747494,0.454,0.0,0.4539078156312625
T11264500,T11264500,7,1954,173.32,0.7451776649746193,1.0,0.0,0.0,1.0,0.0,0.09218436873747494,0.454,0.0,0.4539078156312625
T11264500,T11264500,7,2007,59.84,0.7451776649746193,1.0,0.0,0.0,1.0,0.0,0.09218436873747494,0.454,0.0,0.4539078156312625
T11264500,T11264500,7,1955,215.48,0.7451776649746193,1.0,0.0,0.0,1.0,0.0,0.09218436873747494,0.454,0.0,0.4539078156312625
T11264500,T11264500,7,2004,140.84,0.7451776649746193,1.0,0.0,0.0,1.0,0.0,0.09218436873747494,0.454,0.0,0.4539078156312625
T11264500,T11264500,7,2008,230.19,0.7451776649746193,1.0,0.0,0.0,1.0,0.0,0.09218436873747494,0.454,0.0,0.4539078156312625
T11264500,T11264500,7,1990,187.52,0.7451776649746193,1.0,0.0,0.0,1.0,0.0,0.09218436873747494,0.454,0.0,0.4539078156312625
T11264500,T11264500,7,1962,501.23,0.7451776649746193,1.0,0.0,0.0,1.0,0.0,0.09218436873747494,0.454,0.0,0.4539078156312625
T11264500,T11264500,7,1968,84.77,0.7451776649746193,1.0,0.0,0.0,1.0,0.0,0.09218436873747494,0.454,0.0,0.4539078156312625
T11264500,T11264500,7,1988,142.32,0.7451776649746193,1.0,0.0,0.0,1.0,0.0,0.09218436873747494,0.454,0.0,0.4539078156312625
T11264500,T11264500,7,2002,144.06,0.7451776649746193,1.0,0.0,0.0,1.0,0.0,0.09218436873747494,0.454,0.0,0.4539078156312625
T11264500,T11264500,7,1987,72.29,0.7451776649746193,1.0,0.0,0.0,1.0,0.0,0.09218436873747494,0.454,0.0,0.4539078156312625
T11264500,T11264500,7,1991,276.71,0.7451776649746193,1.0,0.0,0.0,1.0,0.0,0.09218436873747494,0.454,0.0,0.4539078156312625
T11266500,T11266500,7,1994,97.23,0.7472081218274113,1.0,0.0,0.0,1.0,0.0,0.16332665330661322,0.384,0.0,0.45190380761523047
T11266500,T11266500,7,2002,204.84,0.7472081218274113,1.0,0.0,0.0,1.0,0.0,0.16332665330661322,0.384,0.0,0.45190380761523047
T11266500,T11266500,7,1988,189.29,0.7472081218274113,1.0,0.0,0.0,1.0,0.0,0.16332665330661322,0.384,0.0,0.45190380761523047
T11266500,T11266500,7,1992,316.13,0.7472081218274113,1.0,0.0,0.0,1.0,0.0,0.16332665330661322,0.384,0.0,0.45190380761523047
T11266500,T11266500,7,1962,647.94,0.7472081218274113,1.0,0.0,0.0,1.0,0.0,0.16332665330661322,0.384,0.0,0.45190380761523047
T11266500,T11266500,7,1979,389.81,0.7472081218274113,1.0,0.0,0.0,1.0,0.0,0.16332665330661322,0.384,0.0,0.45190380761523047
T11266500,T11266500,7,1985,160.87,0.7472081218274113,1.0,0.0,0.0,1.0,0.0,0.16332665330661322,0.384,0.0,0.45190380761523047
T11266500,T11266500,7,1961,114.71,0.7472081218274113,1.0,0.0,0.0,1.0,0.0,0.16332665330661322,0.384,0.0,0.45190380761523047
T11266500,T11266500,7,2004,185.87,0.7472081218274113,1.0,0.0,0.0,1.0,0.0,0.16332665330661322,0.384,0.0,0.45190380761523047
T11266500,T11266500,7,1990,239.1,0.7472081218274113,1.0,0.0,0.0,1.0,0.0,0.16332665330661322,0.384,0.0,0.45190380761523047
T11266500,T11266500,7,1972,196.23,0.7472081218274113,1.0,0.0,0.0,1.0,0.0,0.16332665330661322,0.384,0.0,0.45190380761523047
T11266500,T11266500,7,1999,403.13,0.7472081218274113,1.0,0.0,0.0,1.0,0.0,0.16332665330661322,0.384,0.0,0.45190380761523047
T11266500,T11266500,7,1959,114.87,0.7472081218274113,1.0,0.0,0.0,1.0,0.0,0.16332665330661322,0.384,0.0,0.45190380761523047
T11266500,T11266500,7,1981,148.06,0.7472081218274113,1.0,0.0,0.0,1.0,0.0,0.16332665330661322,0.384,0.0,0.45190380761523047
T11266500,T11266500,7,1977,69.32,0.7472081218274113,1.0,0.0,0.0,1.0,0.0,0.16332665330661322,0.384,0.0,0.45190380761523047
T11266500,T11266500,7,1976,92.97,0.7472081218274113,1.0,0.0,0.0,1.0,0.0,0.16332665330661322,0.384,0.0,0.45190380761523047
T11266500,T11266500,7,2009,399.74,0.7472081218274113,1.0,0.0,0.0,1.0,0.0,0.16332665330661322,0.384,0.0,0.45190380761523047
T11266500,T11266500,7,1987,94.1,0.7472081218274113,1.0,0.0,0.0,1.0,0.0,0.16332665330661322,0.384,0.0,0.45190380761523047
T11266500,T11266500,7,1954,231.81,0.7472081218274113,1.0,0.0,0.0,1.0,0.0,0.16332665330661322,0.384,0.0,0.45190380761523047
T11266500,T11266500,7,2001,129.68,0.7472081218274113,1.0,0.0,0.0,1.0,0.0,0.16332665330661322,0.384,0.0,0.45190380761523047
T11266500,T11266500,7,1960,146.87,0.7472081218274113,1.0,0.0,0.0,1.0,0.0,0.16332665330661322,0.384,0.0,0.45190380761523047
T11266500,T11266500,7,2008,269.65,0.7472081218274113,1.0,0.0,0.0,1.0,0.0,0.16332665330661322,0.384,0.0,0.45190380761523047
T11266500,T11266500,7,2007,80.87,0.7472081218274113,1.0,0.0,0.0,1.0,0.0,0.16332665330661322,0.384,0.0,0.45190380761523047
T11266500,T11266500,7,1975,712.48,0.7472081218274113,1.0,0.0,0.0,1.0,0.0,0.16332665330661322,0.384,0.0,0.45190380761523047
T11266500,T11266500,7,1966,153.48,0.7472081218274113,1.0,0.0,0.0,1.0,0.0,0.16332665330661322,0.384,0.0,0.45190380761523047
T11266500,T11266500,7,1955,289.32,0.7472081218274113,1.0,0.0,0.0,1.0,0.0,0.16332665330661322,0.384,0.0,0.45190380761523047
T11266500,T11266500,7,1968,115.35,0.7472081218274113,1.0,0.0,0.0,1.0,0.0,0.16332665330661322,0.384,0.0,0.45190380761523047
T11266500,T11266500,7,1991,369.81,0.7472081218274113,1.0,0.0,0.0,1.0,0.0,0.16332665330661322,0.384,0.0,0.45190380761523047
T11266500,T11266500,7,1957,342.9,0.7472081218274113,1.0,0.0,0.0,1.0,0.0,0.16332665330661322,0.384,0.0,0.45190380761523047
T11266500,T11266500,7,1964,217.52,0.7472081218274113,1.0,0.0,0.0,1.0,0.0,0.16332665330661322,0.384,0.0,0.45190380761523047
T11274790,T11274790,7,2007,76.13,0.7614213197969544,1.0,0.0,0.0,0.845,0.0,0.15831663326653306,0.27899999999999997,0.0,0.5621242484969939
T11274790,T11274790,7,2009,324.42,0.7614213197969544,1.0,0.0,0.0,0.845,0.0,0.15831663326653306,0.27899999999999997,0.0,0.5621242484969939
T11274790,T11274790,7,2008,235.74,0.7614213197969544,1.0,0.0,0.0,0.845,0.0,0.15831663326653306,0.27899999999999997,0.0,0.5621242484969939
T11275000,T11275000,7,1972,21.38,0.7634517766497463,1.0,0.0,0.0,0.963,0.0,0.0,0.532,0.31093279839518556,0.15831663326653306
T11275000,T11275000,7,1979,51.16,0.7634517766497463,1.0,0.0,0.0,0.963,0.0,0.0,0.532,0.31093279839518556,0.15831663326653306
T11275000,T11275000,7,1981,10.51,0.7634517766497463,1.0,0.0,0.0,0.963,0.0,0.0,0.532,0.31093279839518556,0.15831663326653306
T11275000,T11275000,7,1977,5.61,0.7634517766497463,1.0,0.0,0.0,0.963,0.0,0.0,0.532,0.31093279839518556,0.15831663326653306
T11275000,T11275000,7,1954,39.57,0.7634517766497463,1.0,0.0,0.0,0.963,0.0,0.0,0.532,0.31093279839518556,0.15831663326653306
T11275000,T11275000,7,1959,13.67,0.7634517766497463,1.0,0.0,0.0,0.963,0.0,0.0,0.532,0.31093279839518556,0.15831663326653306
T11275000,T11275000,7,1976,5.82,0.7634517766497463,1.0,0.0,0.0,0.963,0.0,0.0,0.532,0.31093279839518556,0.15831663326653306
T11275000,T11275000,7,1964,38.39,0.7634517766497463,1.0,0.0,0.0,0.963,0.0,0.0,0.532,0.31093279839518556,0.15831663326653306
T11275000,T11275000,7,1955,45.6,0.7634517766497463,1.0,0.0,0.0,0.963,0.0,0.0,0.532,0.31093279839518556,0.15831663326653306
T11275000,T11275000,7,1962,149.55,0.7634517766497463,1.0,0.0,0.0,0.963,0.0,0.0,0.532,0.31093279839518556,0.15831663326653306
T11275000,T11275000,7,1968,17.39,0.7634517766497463,1.0,0.0,0.0,0.963,0.0,0.0,0.532,0.31093279839518556,0.15831663326653306
T11275000,T11275000,7,1960,14.41,0.7634517766497463,1.0,0.0,0.0,0.963,0.0,0.0,0.532,0.31093279839518556,0.15831663326653306
T11275000,T11275000,7,1975,208.32,0.7634517766497463,1.0,0.0,0.0,0.963,0.0,0.0,0.532,0.31093279839518556,0.15831663326653306
T11275000,T11275000,7,1957,90.94,0.7634517766497463,1.0,0.0,0.0,0.963,0.0,0.0,0.532,0.31093279839518556,0.15831663326653306
T11275000,T11275000,7,1966,11.18,0.7634517766497463,1.0,0.0,0.0,0.963,0.0,0.0,0.532,0.31093279839518556,0.15831663326653306
T11275000,T11275000,7,1961,8.44,0.7634517766497463,1.0,0.0,0.0,0.963,0.0,0.0,0.532,0.31093279839518556,0.15831663326653306
T11281000,T11281000,7,1962,23.94,0.7725888324873097,1.0,0.0,0.0,0.40700000000000003,0.593,0.12424849699398798,0.875,0.0,0.002004008016032064
T11281000,T11281000,7,1992,13.75,0.7725888324873097,1.0,0.0,0.0,0.40700000000000003,0.593,0.12424849699398798,0.875,0.0,0.002004008016032064
T11281000,T11281000,7,1961,4.34,0.7725888324873097,1.0,0.0,0.0,0.40700000000000003,0.593,0.12424849699398798,0.875,0.0,0.002004008016032064
T11281000,T11281000,7,1985,10.56,0.7725888324873097,1.0,0.0,0.0,0.40700000000000003,0.593,0.12424849699398798,0.875,0.0,0.002004008016032064
T11281000,T11281000,7,1987,4.97,0.7725888324873097,1.0,0.0,0.0,0.40700000000000003,0.593,0.12424849699398798,0.875,0.0,0.002004008016032064
T11281000,T11281000,7,1981,7.24,0.7725888324873097,1.0,0.0,0.0,0.40700000000000003,0.593,0.12424849699398798,0.875,0.0,0.002004008016032064
T11281000,T11281000,7,1972,8.71,0.7725888324873097,1.0,0.0,0.0,0.40700000000000003,0.593,0.12424849699398798,0.875,0.0,0.002004008016032064
T11281000,T11281000,7,1999,38.0,0.7725888324873097,1.0,0.0,0.0,0.40700000000000003,0.593,0.12424849699398798,0.875,0.0,0.002004008016032064
T11281000,T11281000,7,1959,8.79,0.7725888324873097,1.0,0.0,0.0,0.40700000000000003,0.593,0.12424849699398798,0.875,0.0,0.002004008016032064
T11281000,T11281000,7,1991,15.49,0.7725888324873097,1.0,0.0,0.0,0.40700000000000003,0.593,0.12424849699398798,0.875,0.0,0.002004008016032064
T11281000,T11281000,7,1964,15.92,0.7725888324873097,1.0,0.0,0.0,0.40700000000000003,0.593,0.12424849699398798,0.875,0.0,0.002004008016032064
T11281000,T11281000,7,1979,31.74,0.7725888324873097,1.0,0.0,0.0,0.40700000000000003,0.593,0.12424849699398798,0.875,0.0,0.002004008016032064
T11281000,T11281000,7,2002,9.58,0.7725888324873097,1.0,0.0,0.0,0.40700000000000003,0.593,0.12424849699398798,0.875,0.0,0.002004008016032064
T11281000,T11281000,7,1955,17.35,0.7725888324873097,1.0,0.0,0.0,0.40700000000000003,0.593,0.12424849699398798,0.875,0.0,0.002004008016032064
T11281000,T11281000,7,1975,61.84,0.7725888324873097,1.0,0.0,0.0,0.40700000000000003,0.593,0.12424849699398798,0.875,0.0,0.002004008016032064
T11281000,T11281000,7,1976,5.54,0.7725888324873097,1.0,0.0,0.0,0.40700000000000003,0.593,0.12424849699398798,0.875,0.0,0.002004008016032064
T11281000,T11281000,7,1957,23.68,0.7725888324873097,1.0,0.0,0.0,0.40700000000000003,0.593,0.12424849699398798,0.875,0.0,0.002004008016032064
T11281000,T11281000,7,1954,20.97,0.7725888324873097,1.0,0.0,0.0,0.40700000000000003,0.593,0.12424849699398798,0.875,0.0,0.002004008016032064
T11281000,T11281000,7,1990,7.84,0.7725888324873097,1.0,0.0,0.0,0.40700000000000003,0.593,0.12424849699398798,0.875,0.0,0.002004008016032064
T11281000,T11281000,7,1966,12.04,0.7725888324873097,1.0,0.0,0.0,0.40700000000000003,0.593,0.12424849699398798,0.875,0.0,0.002004008016032064
T11281000,T11281000,7,1968,8.48,0.7725888324873097,1.0,0.0,0.0,0.40700000000000003,0.593,0.12424849699398798,0.875,0.0,0.002004008016032064
T11281000,T11281000,7,1994,5.96,0.7725888324873097,1.0,0.0,0.0,0.40700000000000003,0.593,0.12424849699398798,0.875,0.0,0.002004008016032064
T11281000,T11281000,7,1988,5.42,0.7725888324873097,1.0,0.0,0.0,0.40700000000000003,0.593,0.12424849699398798,0.875,0.0,0.002004008016032064
T11281000,T11281000,7,1960,8.81,0.7725888324873097,1.0,0.0,0.0,0.40700000000000003,0.593,0.12424849699398798,0.875,0.0,0.002004008016032064
T11281000,T11281000,7,1977,2.88,0.7725888324873097,1.0,0.0,0.0,0.40700000000000003,0.593,0.12424849699398798,0.875,0.0,0.002004008016032064
T11281000,T11281000,7,2001,10.5,0.7725888324873097,1.0,0.0,0.0,0.40700000000000003,0.593,0.12424849699398798,0.875,0.0,0.002004008016032064
T11282000,T11282000,7,1975,64.61,0.7736040609137057,1.0,0.0,0.0,0.812,0.188,0.9899799599198396,0.011000000000000001,0.0,0.001002004008016032
T11282000,T11282000,7,1954,19.35,0.7736040609137057,1.0,0.0,0.0,0.812,0.188,0.9899799599198396,0.011000000000000001,0.0,0.001002004008016032
T11282000,T11282000,7,1955,15.56,0.7736040609137057,1.0,0.0,0.0,0.812,0.188,0.9899799599198396,0.011000000000000001,0.0,0.001002004008016032
T11282000,T11282000,7,1972,7.27,0.7736040609137057,1.0,0.0,0.0,0.812,0.188,0.9899799599198396,0.011000000000000001,0.0,0.001002004008016032
T11282000,T11282000,7,1968,5.04,0.7736040609137057,1.0,0.0,0.0,0.812,0.188,0.9899799599198396,0.011000000000000001,0.0,0.001002004008016032
T11282000,T11282000,7,1991,15.64,0.7736040609137057,1.0,0.0,0.0,0.812,0.188,0.9899799599198396,0.011000000000000001,0.0,0.001002004008016032
T11282000,T11282000,7,1992,13.38,0.7736040609137057,1.0,0.0,0.0,0.812,0.188,0.9899799599198396,0.011000000000000001,0.0,0.001002004008016032
T11282000,T11282000,7,1957,19.9,0.7736040609137057,1.0,0.0,0.0,0.812,0.188,0.9899799599198396,0.011000000000000001,0.0,0.001002004008016032
T11282000,T11282000,7,1987,2.6,0.7736040609137057,1.0,0.0,0.0,0.812,0.188,0.9899799599198396,0.011000000000000001,0.0,0.001002004008016032
T11282000,T11282000,7,1988,3.27,0.7736040609137057,1.0,0.0,0.0,0.812,0.188,0.9899799599198396,0.011000000000000001,0.0,0.001002004008016032
T11282000,T11282000,7,1990,4.45,0.7736040609137057,1.0,0.0,0.0,0.812,0.188,0.9899799599198396,0.011000000000000001,0.0,0.001002004008016032
T11282000,T11282000,7,1994,1.9,0.7736040609137057,1.0,0.0,0.0,0.812,0.188,0.9899799599198396,0.011000000000000001,0.0,0.001002004008016032
T11282000,T11282000,7,1976,2.32,0.7736040609137057,1.0,0.0,0.0,0.812,0.188,0.9899799599198396,0.011000000000000001,0.0,0.001002004008016032
T11282000,T11282000,7,1985,6.19,0.7736040609137057,1.0,0.0,0.0,0.812,0.188,0.9899799599198396,0.011000000000000001,0.0,0.001002004008016032
T11282000,T11282000,7,1959,5.12,0.7736040609137057,1.0,0.0,0.0,0.812,0.188,0.9899799599198396,0.011000000000000001,0.0,0.001002004008016032
T11282000,T11282000,7,1960,7.19,0.7736040609137057,1.0,0.0,0.0,0.812,0.188,0.9899799599198396,0.011000000000000001,0.0,0.001002004008016032
T11282000,T11282000,7,1962,25.56,0.7736040609137057,1.0,0.0,0.0,0.812,0.188,0.9899799599198396,0.011000000000000001,0.0,0.001002004008016032
T11282000,T11282000,7,2002,13.14,0.7736040609137057,1.0,0.0,0.0,0.812,0.188,0.9899799599198396,0.011000000000000001,0.0,0.001002004008016032
T11282000,T11282000,7,1979,25.84,0.7736040609137057,1.0,0.0,0.0,0.812,0.188,0.9899799599198396,0.011000000000000001,0.0,0.001002004008016032
T11282000,T11282000,7,1961,3.03,0.7736040609137057,1.0,0.0,0.0,0.812,0.188,0.9899799599198396,0.011000000000000001,0.0,0.001002004008016032
T11282000,T11282000,7,1966,7.31,0.7736040609137057,1.0,0.0,0.0,0.812,0.188,0.9899799599198396,0.011000000000000001,0.0,0.001002004008016032
T11282000,T11282000,7,2001,11.17,0.7736040609137057,1.0,0.0,0.0,0.812,0.188,0.9899799599198396,0.011000000000000001,0.0,0.001002004008016032
T11282000,T11282000,7,1977,1.37,0.7736040609137057,1.0,0.0,0.0,0.812,0.188,0.9899799599198396,0.011000000000000001,0.0,0.001002004008016032
T11282000,T11282000,7,1999,37.55,0.7736040609137057,1.0,0.0,0.0,0.812,0.188,0.9899799599198396,0.011000000000000001,0.0,0.001002004008016032
T11282000,T11282000,7,1964,12.45,0.7736040609137057,1.0,0.0,0.0,0.812,0.188,0.9899799599198396,0.011000000000000001,0.0,0.001002004008016032
T11282000,T11282000,7,1981,1.4,0.7736040609137057,1.0,0.0,0.0,0.812,0.188,0.9899799599198396,0.011000000000000001,0.0,0.001002004008016032
T11283500,T11283500,7,1964,35.55,0.7746192893401016,1.0,0.0,0.0,0.11599999999999999,0.8840000000000001,0.34969939879759515,0.52,0.0010030090270812437,0.12925851703406813
T11283500,T11283500,7,1968,17.39,0.7746192893401016,1.0,0.0,0.0,0.11599999999999999,0.8840000000000001,0.34969939879759515,0.52,0.0010030090270812437,0.12925851703406813
T11283500,T11283500,7,1988,12.77,0.7746192893401016,1.0,0.0,0.0,0.11599999999999999,0.8840000000000001,0.34969939879759515,0.52,0.0010030090270812437,0.12925851703406813
T11283500,T11283500,7,1966,18.52,0.7746192893401016,1.0,0.0,0.0,0.11599999999999999,0.8840000000000001,0.34969939879759515,0.52,0.0010030090270812437,0.12925851703406813
T11283500,T11283500,7,1994,11.61,0.7746192893401016,1.0,0.0,0.0,0.11599999999999999,0.8840000000000001,0.34969939879759515,0.52,0.0010030090270812437,0.12925851703406813
T11283500,T11283500,7,1987,9.6,0.7746192893401016,1.0,0.0,0.0,0.11599999999999999,0.8840000000000001,0.34969939879759515,0.52,0.0010030090270812437,0.12925851703406813
T11283500,T11283500,7,1975,130.42,0.7746192893401016,1.0,0.0,0.0,0.11599999999999999,0.8840000000000001,0.34969939879759515,0.52,0.0010030090270812437,0.12925851703406813
T11283500,T11283500,7,1992,48.9,0.7746192893401016,1.0,0.0,0.0,0.11599999999999999,0.8840000000000001,0.34969939879759515,0.52,0.0010030090270812437,0.12925851703406813
T11283500,T11283500,7,1977,5.06,0.7746192893401016,1.0,0.0,0.0,0.11599999999999999,0.8840000000000001,0.34969939879759515,0.52,0.0010030090270812437,0.12925851703406813
T11283500,T11283500,7,1991,36.1,0.7746192893401016,1.0,0.0,0.0,0.11599999999999999,0.8840000000000001,0.34969939879759515,0.52,0.0010030090270812437,0.12925851703406813
T11283500,T11283500,7,1962,53.32,0.7746192893401016,1.0,0.0,0.0,0.11599999999999999,0.8840000000000001,0.34969939879759515,0.52,0.0010030090270812437,0.12925851703406813
T11283500,T11283500,7,1976,10.25,0.7746192893401016,1.0,0.0,0.0,0.11599999999999999,0.8840000000000001,0.34969939879759515,0.52,0.0010030090270812437,0.12925851703406813
T11283500,T11283500,7,1972,21.84,0.7746192893401016,1.0,0.0,0.0,0.11599999999999999,0.8840000000000001,0.34969939879759515,0.52,0.0010030090270812437,0.12925851703406813
T11283500,T11283500,7,1961,9.62,0.7746192893401016,1.0,0.0,0.0,0.11599999999999999,0.8840000000000001,0.34969939879759515,0.52,0.0010030090270812437,0.12925851703406813
T11283500,T11283500,7,1990,13.93,0.7746192893401016,1.0,0.0,0.0,0.11599999999999999,0.8840000000000001,0.34969939879759515,0.52,0.0010030090270812437,0.12925851703406813
T11283500,T11283500,7,1960,18.23,0.7746192893401016,1.0,0.0,0.0,0.11599999999999999,0.8840000000000001,0.34969939879759515,0.52,0.0010030090270812437,0.12925851703406813
T11283500,T11283500,7,1979,52.0,0.7746192893401016,1.0,0.0,0.0,0.11599999999999999,0.8840000000000001,0.34969939879759515,0.52,0.0010030090270812437,0.12925851703406813
T11283500,T11283500,7,1981,15.62,0.7746192893401016,1.0,0.0,0.0,0.11599999999999999,0.8840000000000001,0.34969939879759515,0.52,0.0010030090270812437,0.12925851703406813
T11284400,T11284400,7,1992,0.0,0.7756345177664975,0.0,1.0,0.0,0.0,1.0,0.9959919839679359,0.0,0.0,0.006012024048096192
T11284400,T11284400,7,2002,0.0,0.7756345177664975,0.0,1.0,0.0,0.0,1.0,0.9959919839679359,0.0,0.0,0.006012024048096192
T11284400,T11284400,7,1985,0.01,0.7756345177664975,0.0,1.0,0.0,0.0,1.0,0.9959919839679359,0.0,0.0,0.006012024048096192
T11284400,T11284400,7,1981,0.0,0.7756345177664975,0.0,1.0,0.0,0.0,1.0,0.9959919839679359,0.0,0.0,0.006012024048096192
T11284400,T11284400,7,2007,0.0,0.7756345177664975,0.0,1.0,0.0,0.0,1.0,0.9959919839679359,0.0,0.0,0.006012024048096192
T11284400,T11284400,7,1979,0.06,0.7756345177664975,0.0,1.0,0.0,0.0,1.0,0.9959919839679359,0.0,0.0,0.006012024048096192
T11284400,T11284400,7,2004,0.0,0.7756345177664975,0.0,1.0,0.0,0.0,1.0,0.9959919839679359,0.0,0.0,0.006012024048096192
T11284400,T11284400,7,2008,0.0,0.7756345177664975,0.0,1.0,0.0,0.0,1.0,0.9959919839679359,0.0,0.0,0.006012024048096192
T11284400,T11284400,7,1975,0.26,0.7756345177664975,0.0,1.0,0.0,0.0,1.0,0.9959919839679359,0.0,0.0,0.006012024048096192
T11284400,T11284400,7,1991,0.01,0.7756345177664975,0.0,1.0,0.0,0.0,1.0,0.9959919839679359,0.0,0.0,0.006012024048096192
T11284400,T11284400,7,1994,0.0,0.7756345177664975,0.0,1.0,0.0,0.0,1.0,0.9959919839679359,0.0,0.0,0.006012024048096192
T11284400,T11284400,7,1999,0.14,0.7756345177664975,0.0,1.0,0.0,0.0,1.0,0.9959919839679359,0.0,0.0,0.006012024048096192
T11284400,T11284400,7,1987,0.0,0.7756345177664975,0.0,1.0,0.0,0.0,1.0,0.9959919839679359,0.0,0.0,0.006012024048096192
T11284400,T11284400,7,2009,0.0,0.7756345177664975,0.0,1.0,0.0,0.0,1.0,0.9959919839679359,0.0,0.0,0.006012024048096192
T11284400,T11284400,7,1976,0.0,0.7756345177664975,0.0,1.0,0.0,0.0,1.0,0.9959919839679359,0.0,0.0,0.006012024048096192
T11284400,T11284400,7,1977,0.0,0.7756345177664975,0.0,1.0,0.0,0.0,1.0,0.9959919839679359,0.0,0.0,0.006012024048096192
T11284400,T11284400,7,1990,0.0,0.7756345177664975,0.0,1.0,0.0,0.0,1.0,0.9959919839679359,0.0,0.0,0.006012024048096192
T11284400,T11284400,7,1972,0.0,0.7756345177664975,0.0,1.0,0.0,0.0,1.0,0.9959919839679359,0.0,0.0,0.006012024048096192
T11284400,T11284400,7,1988,0.0,0.7756345177664975,0.0,1.0,0.0,0.0,1.0,0.9959919839679359,0.0,0.0,0.006012024048096192
T11284400,T11284400,7,2001,0.0,0.7756345177664975,0.0,1.0,0.0,0.0,1.0,0.9959919839679359,0.0,0.0,0.006012024048096192
T11292500,T11292500,7,1994,31.61,0.783756345177665,1.0,0.0,0.0,1.0,0.0,0.0,0.002,0.0010030090270812437,0.9999999999999999
T11292500,T11292500,7,1966,45.71,0.783756345177665,1.0,0.0,0.0,1.0,0.0,0.0,0.002,0.0010030090270812437,0.9999999999999999
T11292500,T11292500,7,1990,44.13,0.783756345177665,1.0,0.0,0.0,1.0,0.0,0.0,0.002,0.0010030090270812437,0.9999999999999999
T11292500,T11292500,7,1959,43.06,0.783756345177665,1.0,0.0,0.0,1.0,0.0,0.0,0.002,0.0010030090270812437,0.9999999999999999
T11292500,T11292500,7,1968,57.84,0.783756345177665,1.0,0.0,0.0,1.0,0.0,0.0,0.002,0.0010030090270812437,0.9999999999999999
T11292500,T11292500,7,1964,78.06,0.783756345177665,1.0,0.0,0.0,1.0,0.0,0.0,0.002,0.0010030090270812437,0.9999999999999999
T11292500,T11292500,7,1987,29.81,0.783756345177665,1.0,0.0,0.0,1.0,0.0,0.0,0.002,0.0010030090270812437,0.9999999999999999
T11292500,T11292500,7,1988,33.16,0.783756345177665,1.0,0.0,0.0,1.0,0.0,0.0,0.002,0.0010030090270812437,0.9999999999999999
T11292500,T11292500,7,1991,66.84,0.783756345177665,1.0,0.0,0.0,1.0,0.0,0.0,0.002,0.0010030090270812437,0.9999999999999999
T11292500,T11292500,7,1972,87.81,0.783756345177665,1.0,0.0,0.0,1.0,0.0,0.0,0.002,0.0010030090270812437,0.9999999999999999
T11292500,T11292500,7,1961,39.48,0.783756345177665,1.0,0.0,0.0,1.0,0.0,0.0,0.002,0.0010030090270812437,0.9999999999999999
T11292500,T11292500,7,1955,81.19,0.783756345177665,1.0,0.0,0.0,1.0,0.0,0.0,0.002,0.0010030090270812437,0.9999999999999999
T11292500,T11292500,7,1962,174.84,0.783756345177665,1.0,0.0,0.0,1.0,0.0,0.0,0.002,0.0010030090270812437,0.9999999999999999
T11292500,T11292500,7,1981,39.61,0.783756345177665,1.0,0.0,0.0,1.0,0.0,0.0,0.002,0.0010030090270812437,0.9999999999999999
T11292500,T11292500,7,1975,246.26,0.783756345177665,1.0,0.0,0.0,1.0,0.0,0.0,0.002,0.0010030090270812437,0.9999999999999999
T11292500,T11292500,7,1957,112.74,0.783756345177665,1.0,0.0,0.0,1.0,0.0,0.0,0.002,0.0010030090270812437,0.9999999999999999
T11292500,T11292500,7,1979,104.42,0.783756345177665,1.0,0.0,0.0,1.0,0.0,0.0,0.002,0.0010030090270812437,0.9999999999999999
T11292500,T11292500,7,1954,72.97,0.783756345177665,1.0,0.0,0.0,1.0,0.0,0.0,0.002,0.0010030090270812437,0.9999999999999999
T11292500,T11292500,7,1977,22.97,0.783756345177665,1.0,0.0,0.0,1.0,0.0,0.0,0.002,0.0010030090270812437,0.9999999999999999
T11292500,T11292500,7,1960,40.97,0.783756345177665,1.0,0.0,0.0,1.0,0.0,0.0,0.002,0.0010030090270812437,0.9999999999999999
T11292500,T11292500,7,1976,30.81,0.783756345177665,1.0,0.0,0.0,1.0,0.0,0.0,0.002,0.0010030090270812437,0.9999999999999999
T11292500,T11292500,7,1985,48.0,0.783756345177665,1.0,0.0,0.0,1.0,0.0,0.0,0.002,0.0010030090270812437,0.9999999999999999
T11292500,T11292500,7,1992,41.45,0.783756345177665,1.0,0.0,0.0,1.0,0.0,0.0,0.002,0.0010030090270812437,0.9999999999999999
T11315000,T11315000,7,1966,0.52,0.8172588832487311,1.0,0.0,0.0,1.0,0.0,0.9959919839679359,0.004,0.0,0.001002004008016032
T11315000,T11315000,7,2007,0.47,0.8172588832487311,1.0,0.0,0.0,1.0,0.0,0.9959919839679359,0.004,0.0,0.001002004008016032
T11315000,T11315000,7,2002,1.62,0.8172588832487311,1.0,0.0,0.0,1.0,0.0,0.9959919839679359,0.004,0.0,0.001002004008016032
T11315000,T11315000,7,1999,16.99,0.8172588832487311,1.0,0.0,0.0,1.0,0.0,0.9959919839679359,0.004,0.0,0.001002004008016032
T11315000,T11315000,7,1991,5.82,0.8172588832487311,1.0,0.0,0.0,1.0,0.0,0.9959919839679359,0.004,0.0,0.001002004008016032
T11315000,T11315000,7,1979,4.44,0.8172588832487311,1.0,0.0,0.0,1.0,0.0,0.9959919839679359,0.004,0.0,0.001002004008016032
T11315000,T11315000,7,1992,14.42,0.8172588832487311,1.0,0.0,0.0,1.0,0.0,0.9959919839679359,0.004,0.0,0.001002004008016032
T11315000,T11315000,7,1968,0.58,0.8172588832487311,1.0,0.0,0.0,1.0,0.0,0.9959919839679359,0.004,0.0,0.001002004008016032
T11315000,T11315000,7,1981,0.55,0.8172588832487311,1.0,0.0,0.0,1.0,0.0,0.9959919839679359,0.004,0.0,0.001002004008016032
T11315000,T11315000,7,1961,0.89,0.8172588832487311,1.0,0.0,0.0,1.0,0.0,0.9959919839679359,0.004,0.0,0.001002004008016032
T11315000,T11315000,7,1962,8.43,0.8172588832487311,1.0,0.0,0.0,1.0,0.0,0.9959919839679359,0.004,0.0,0.001002004008016032
T11315000,T11315000,7,2008,1.09,0.8172588832487311,1.0,0.0,0.0,1.0,0.0,0.9959919839679359,0.004,0.0,0.001002004008016032
T11315000,T11315000,7,1977,0.77,0.8172588832487311,1.0,0.0,0.0,1.0,0.0,0.9959919839679359,0.004,0.0,0.001002004008016032
T11315000,T11315000,7,1964,3.76,0.8172588832487311,1.0,0.0,0.0,1.0,0.0,0.9959919839679359,0.004,0.0,0.001002004008016032
T11315000,T11315000,7,1955,3.91,0.8172588832487311,1.0,0.0,0.0,1.0,0.0,0.9959919839679359,0.004,0.0,0.001002004008016032
T11315000,T11315000,7,2009,1.87,0.8172588832487311,1.0,0.0,0.0,1.0,0.0,0.9959919839679359,0.004,0.0,0.001002004008016032
T11315000,T11315000,7,1975,34.19,0.8172588832487311,1.0,0.0,0.0,1.0,0.0,0.9959919839679359,0.004,0.0,0.001002004008016032
T11315000,T11315000,7,1976,0.38,0.8172588832487311,1.0,0.0,0.0,1.0,0.0,0.9959919839679359,0.004,0.0,0.001002004008016032
T11315000,T11315000,7,2004,0.82,0.8172588832487311,1.0,0.0,0.0,1.0,0.0,0.9959919839679359,0.004,0.0,0.001002004008016032
T11315000,T11315000,7,1960,1.23,0.8172588832487311,1.0,0.0,0.0,1.0,0.0,0.9959919839679359,0.004,0.0,0.001002004008016032
T11315000,T11315000,7,1990,1.6,0.8172588832487311,1.0,0.0,0.0,1.0,0.0,0.9959919839679359,0.004,0.0,0.001002004008016032
T11315000,T11315000,7,1959,0.44,0.8172588832487311,1.0,0.0,0.0,1.0,0.0,0.9959919839679359,0.004,0.0,0.001002004008016032
T11315000,T11315000,7,1987,0.52,0.8172588832487311,1.0,0.0,0.0,1.0,0.0,0.9959919839679359,0.004,0.0,0.001002004008016032
T11315000,T11315000,7,1988,0.88,0.8172588832487311,1.0,0.0,0.0,1.0,0.0,0.9959919839679359,0.004,0.0,0.001002004008016032
T11315000,T11315000,7,2001,0.37,0.8172588832487311,1.0,0.0,0.0,1.0,0.0,0.9959919839679359,0.004,0.0,0.001002004008016032
T11315000,T11315000,7,1972,2.4,0.8172588832487311,1.0,0.0,0.0,1.0,0.0,0.9959919839679359,0.004,0.0,0.001002004008016032
T11315000,T11315000,7,1957,3.96,0.8172588832487311,1.0,0.0,0.0,1.0,0.0,0.9959919839679359,0.004,0.0,0.001002004008016032
T11315000,T11315000,7,1985,0.97,0.8172588832487311,1.0,0.0,0.0,1.0,0.0,0.9959919839679359,0.004,0.0,0.001002004008016032
T11315000,T11315000,7,1994,0.44,0.8172588832487311,1.0,0.0,0.0,1.0,0.0,0.9959919839679359,0.004,0.0,0.001002004008016032
T11315000,T11315000,7,1954,1.46,0.8172588832487311,1.0,0.0,0.0,1.0,0.0,0.9959919839679359,0.004,0.0,0.001002004008016032
T11334300,T11334300,7,1968,0.18,0.8375634517766499,0.0,1.0,0.0,0.0,0.809,0.8907815631262526,0.111,0.0,0.0
T11334300,T11334300,7,1977,0.0,0.8375634517766499,0.0,1.0,0.0,0.0,0.809,0.8907815631262526,0.111,0.0,0.0
T11334300,T11334300,7,1966,0.33,0.8375634517766499,0.0,1.0,0.0,0.0,0.809,0.8907815631262526,0.111,0.0,0.0
T11334300,T11334300,7,1959,0.43,0.8375634517766499,0.0,1.0,0.0,0.0,0.809,0.8907815631262526,0.111,0.0,0.0
T11334300,T11334300,7,1976,0.0,0.8375634517766499,0.0,1.0,0.0,0.0,0.809,0.8907815631262526,0.111,0.0,0.0
T11334300,T11334300,7,1975,7.45,0.8375634517766499,0.0,1.0,0.0,0.0,0.809,0.8907815631262526,0.111,0.0,0.0
T11334300,T11334300,7,1960,0.11,0.8375634517766499,0.0,1.0,0.0,0.0,0.809,0.8907815631262526,0.111,0.0,0.0
T11334300,T11334300,7,1972,0.24,0.8375634517766499,0.0,1.0,0.0,0.0,0.809,0.8907815631262526,0.111,0.0,0.0
T11334300,T11334300,7,1962,0.21,0.8375634517766499,0.0,1.0,0.0,0.0,0.809,0.8907815631262526,0.111,0.0,0.0
T11334300,T11334300,7,1961,0.0,0.8375634517766499,0.0,1.0,0.0,0.0,0.809,0.8907815631262526,0.111,0.0,0.0
T11334300,T11334300,7,1964,1.17,0.8375634517766499,0.0,1.0,0.0,0.0,0.809,0.8907815631262526,0.111,0.0,0.0
T11334300,T11334300,7,1979,2.26,0.8375634517766499,0.0,1.0,0.0,0.0,0.809,0.8907815631262526,0.111,0.0,0.0
T11409300,T11409300,7,1975,9.05,0.9543147208121827,0.0,1.0,0.0,1.0,0.0,0.003006012024048096,0.0,1.0,0.0
T11409300,T11409300,7,1985,3.97,0.9543147208121827,0.0,1.0,0.0,1.0,0.0,0.003006012024048096,0.0,1.0,0.0
T11409300,T11409300,7,1976,2.18,0.9543147208121827,0.0,1.0,0.0,1.0,0.0,0.003006012024048096,0.0,1.0,0.0
T11409300,T11409300,7,1977,1.11,0.9543147208121827,0.0,1.0,0.0,1.0,0.0,0.003006012024048096,0.0,1.0,0.0
T11409300,T11409300,7,1991,6.69,0.9543147208121827,0.0,1.0,0.0,1.0,0.0,0.003006012024048096,0.0,1.0,0.0
T11409300,T11409300,7,1968,3.95,0.9543147208121827,0.0,1.0,0.0,1.0,0.0,0.003006012024048096,0.0,1.0,0.0
T11409300,T11409300,7,1979,5.26,0.9543147208121827,0.0,1.0,0.0,1.0,0.0,0.003006012024048096,0.0,1.0,0.0
T11409300,T11409300,7,1999,5.6,0.9543147208121827,0.0,1.0,0.0,1.0,0.0,0.003006012024048096,0.0,1.0,0.0
T11409300,T11409300,7,1992,3.39,0.9543147208121827,0.0,1.0,0.0,1.0,0.0,0.003006012024048096,0.0,1.0,0.0
T11409300,T11409300,7,1988,2.43,0.9543147208121827,0.0,1.0,0.0,1.0,0.0,0.003006012024048096,0.0,1.0,0.0
T11409300,T11409300,7,1990,7.05,0.9543147208121827,0.0,1.0,0.0,1.0,0.0,0.003006012024048096,0.0,1.0,0.0
T11409300,T11409300,7,1994,2.52,0.9543147208121827,0.0,1.0,0.0,1.0,0.0,0.003006012024048096,0.0,1.0,0.0
T11409300,T11409300,7,1987,1.51,0.9543147208121827,0.0,1.0,0.0,1.0,0.0,0.003006012024048096,0.0,1.0,0.0
T11409300,T11409300,7,1972,4.58,0.9543147208121827,0.0,1.0,0.0,1.0,0.0,0.003006012024048096,0.0,1.0,0.0
T11409300,T11409300,7,1981,2.02,0.9543147208121827,0.0,1.0,0.0,1.0,0.0,0.003006012024048096,0.0,1.0,0.0
T11409500,T11409500,7,1966,6.64,0.9563451776649747,0.0,1.0,0.0,1.0,0.0,0.3156312625250501,0.001,0.6850551654964894,0.001002004008016032
T11409500,T11409500,7,1954,8.9,0.9563451776649747,0.0,1.0,0.0,1.0,0.0,0.3156312625250501,0.001,0.6850551654964894,0.001002004008016032
T11409500,T11409500,7,1964,11.54,0.9563451776649747,0.0,1.0,0.0,1.0,0.0,0.3156312625250501,0.001,0.6850551654964894,0.001002004008016032
T11409500,T11409500,7,1962,8.61,0.9563451776649747,0.0,1.0,0.0,1.0,0.0,0.3156312625250501,0.001,0.6850551654964894,0.001002004008016032
T11409500,T11409500,7,1961,10.23,0.9563451776649747,0.0,1.0,0.0,1.0,0.0,0.3156312625250501,0.001,0.6850551654964894,0.001002004008016032
T11409500,T11409500,7,1959,3.59,0.9563451776649747,0.0,1.0,0.0,1.0,0.0,0.3156312625250501,0.001,0.6850551654964894,0.001002004008016032
T11409500,T11409500,7,1968,6.48,0.9563451776649747,0.0,1.0,0.0,1.0,0.0,0.3156312625250501,0.001,0.6850551654964894,0.001002004008016032
T11409500,T11409500,7,1960,10.9,0.9563451776649747,0.0,1.0,0.0,1.0,0.0,0.3156312625250501,0.001,0.6850551654964894,0.001002004008016032
T11409500,T11409500,7,1955,6.48,0.9563451776649747,0.0,1.0,0.0,1.0,0.0,0.3156312625250501,0.001,0.6850551654964894,0.001002004008016032
T11409500,T11409500,7,1957,10.02,0.9563451776649747,0.0,1.0,0.0,1.0,0.0,0.3156312625250501,0.001,0.6850551654964894,0.001002004008016032
T11413320,T11413320,7,2008,2.66,0.9593908629441625,0.0,1.0,0.0,0.0,1.0,0.9739478957915831,0.0,0.028084252758274822,0.0
T11413320,T11413320,7,2009,3.72,0.9593908629441625,0.0,1.0,0.0,0.0,1.0,0.9739478957915831,0.0,0.028084252758274822,0.0
T11413320,T11413320,7,2007,3.81,0.9593908629441625,0.0,1.0,0.0,0.0,1.0,0.9739478957915831,0.0,0.028084252758274822,0.0
T11413320,T11413320,7,1999,2.57,0.9593908629441625,0.0,1.0,0.0,0.0,1.0,0.9739478957915831,0.0,0.028084252758274822,0.0
T11413320,T11413320,7,2002,3.25,0.9593908629441625,0.0,1.0,0.0,0.0,1.0,0.9739478957915831,0.0,0.028084252758274822,0.0
T11413320,T11413320,7,2001,2.76,0.9593908629441625,0.0,1.0,0.0,0.0,1.0,0.9739478957915831,0.0,0.028084252758274822,0.0
T11413320,T11413320,7,2004,4.05,0.9593908629441625,0.0,1.0,0.0,0.0,1.0,0.9739478957915831,0.0,0.028084252758274822,0.0
T11413323,T11413323,7,2009,1.78,0.9604060913705585,1.0,0.0,0.0,0.0,1.0,0.9999999999999999,0.0,0.0020060180541624875,0.0
T11413323,T11413323,7,2004,1.54,0.9604060913705585,1.0,0.0,0.0,0.0,1.0,0.9999999999999999,0.0,0.0020060180541624875,0.0
T11413323,T11413323,7,2002,1.67,0.9604060913705585,1.0,0.0,0.0,0.0,1.0,0.9999999999999999,0.0,0.0020060180541624875,0.0
T11413323,T11413323,7,2007,1.52,0.9604060913705585,1.0,0.0,0.0,0.0,1.0,0.9999999999999999,0.0,0.0020060180541624875,0.0
T11413323,T11413323,7,2001,1.29,0.9604060913705585,1.0,0.0,0.0,0.0,1.0,0.9999999999999999,0.0,0.0020060180541624875,0.0
T11413323,T11413323,7,1999,1.69,0.9604060913705585,1.0,0.0,0.0,0.0,1.0,0.9999999999999999,0.0,0.0020060180541624875,0.0
T11413323,T11413323,7,2008,1.17,0.9604060913705585,1.0,0.0,0.0,0.0,1.0,0.9999999999999999,0.0,0.0020060180541624875,0.0
T11426150,T11426150,7,1976,0.42,0.9807106598984772,1.0,0.0,0.0,1.0,0.0,0.00501002004008016,0.004,0.9939819458375124,0.0
T11426150,T11426150,7,1975,3.73,0.9807106598984772,1.0,0.0,0.0,1.0,0.0,0.00501002004008016,0.004,0.9939819458375124,0.0
T11426150,T11426150,7,1972,0.77,0.9807106598984772,1.0,0.0,0.0,1.0,0.0,0.00501002004008016,0.004,0.9939819458375124,0.0
T11426150,T11426150,7,1960,0.91,0.9807106598984772,1.0,0.0,0.0,1.0,0.0,0.00501002004008016,0.004,0.9939819458375124,0.0
T11426150,T11426150,7,1962,1.36,0.9807106598984772,1.0,0.0,0.0,1.0,0.0,0.00501002004008016,0.004,0.9939819458375124,0.0
T11426150,T11426150,7,1961,0.53,0.9807106598984772,1.0,0.0,0.0,1.0,0.0,0.00501002004008016,0.004,0.9939819458375124,0.0
T11426150,T11426150,7,1977,0.34,0.9807106598984772,1.0,0.0,0.0,1.0,0.0,0.00501002004008016,0.004,0.9939819458375124,0.0
T11426150,T11426150,7,1979,0.88,0.9807106598984772,1.0,0.0,0.0,1.0,0.0,0.00501002004008016,0.004,0.9939819458375124,0.0
T11426150,T11426150,7,1964,1.01,0.9807106598984772,1.0,0.0,0.0,1.0,0.0,0.00501002004008016,0.004,0.9939819458375124,0.0
T11426150,T11426150,7,1968,0.79,0.9807106598984772,1.0,0.0,0.0,1.0,0.0,0.00501002004008016,0.004,0.9939819458375124,0.0
T11426150,T11426150,7,1966,0.69,0.9807106598984772,1.0,0.0,0.0,1.0,0.0,0.00501002004008016,0.004,0.9939819458375124,0.0
T11427700,T11427700,7,1961,1.48,0.985786802030457,0.0,1.0,0.0,1.0,0.0,0.001002004008016032,0.002,0.9849548645937813,0.01503006012024048
T11427700,T11427700,7,1987,1.04,0.985786802030457,0.0,1.0,0.0,1.0,0.0,0.001002004008016032,0.002,0.9849548645937813,0.01503006012024048
T11427700,T11427700,7,1975,11.88,0.985786802030457,0.0,1.0,0.0,1.0,0.0,0.001002004008016032,0.002,0.9849548645937813,0.01503006012024048
T11427700,T11427700,7,1964,3.83,0.985786802030457,0.0,1.0,0.0,1.0,0.0,0.001002004008016032,0.002,0.9849548645937813,0.01503006012024048
T11427700,T11427700,7,1977,0.51,0.985786802030457,0.0,1.0,0.0,1.0,0.0,0.001002004008016032,0.002,0.9849548645937813,0.01503006012024048
T11427700,T11427700,7,1962,4.72,0.985786802030457,0.0,1.0,0.0,1.0,0.0,0.001002004008016032,0.002,0.9849548645937813,0.01503006012024048
T11427700,T11427700,7,1981,0.96,0.985786802030457,0.0,1.0,0.0,1.0,0.0,0.001002004008016032,0.002,0.9849548645937813,0.01503006012024048
T11427700,T11427700,7,1979,3.02,0.985786802030457,0.0,1.0,0.0,1.0,0.0,0.001002004008016032,0.002,0.9849548645937813,0.01503006012024048
T11427700,T11427700,7,1990,2.62,0.985786802030457,0.0,1.0,0.0,1.0,0.0,0.001002004008016032,0.002,0.9849548645937813,0.01503006012024048
T11427700,T11427700,7,1994,1.02,0.985786802030457,0.0,1.0,0.0,1.0,0.0,0.001002004008016032,0.002,0.9849548645937813,0.01503006012024048
T11427700,T11427700,7,1992,1.54,0.985786802030457,0.0,1.0,0.0,1.0,0.0,0.001002004008016032,0.002,0.9849548645937813,0.01503006012024048
T11427700,T11427700,7,2008,2.02,0.985786802030457,0.0,1.0,0.0,1.0,0.0,0.001002004008016032,0.002,0.9849548645937813,0.01503006012024048
T11427700,T11427700,7,2009,2.23,0.985786802030457,0.0,1.0,0.0,1.0,0.0,0.001002004008016032,0.002,0.9849548645937813,0.01503006012024048
T11427700,T11427700,7,1985,1.63,0.985786802030457,0.0,1.0,0.0,1.0,0.0,0.001002004008016032,0.002,0.9849548645937813,0.01503006012024048
T11427700,T11427700,7,1966,1.28,0.985786802030457,0.0,1.0,0.0,1.0,0.0,0.001002004008016032,0.002,0.9849548645937813,0.01503006012024048
T11427700,T11427700,7,1968,1.75,0.985786802030457,0.0,1.0,0.0,1.0,0.0,0.001002004008016032,0.002,0.9849548645937813,0.01503006012024048
T11427700,T11427700,7,1999,6.26,0.985786802030457,0.0,1.0,0.0,1.0,0.0,0.001002004008016032,0.002,0.9849548645937813,0.01503006012024048
T11427700,T11427700,7,1991,4.13,0.985786802030457,0.0,1.0,0.0,1.0,0.0,0.001002004008016032,0.002,0.9849548645937813,0.01503006012024048
T11427700,T11427700,7,1988,1.49,0.985786802030457,0.0,1.0,0.0,1.0,0.0,0.001002004008016032,0.002,0.9849548645937813,0.01503006012024048
T11427700,T11427700,7,2001,1.02,0.985786802030457,0.0,1.0,0.0,1.0,0.0,0.001002004008016032,0.002,0.9849548645937813,0.01503006012024048
T11427700,T11427700,7,2002,2.97,0.985786802030457,0.0,1.0,0.0,1.0,0.0,0.001002004008016032,0.002,0.9849548645937813,0.01503006012024048
T11427700,T11427700,7,2004,1.99,0.985786802030457,0.0,1.0,0.0,1.0,0.0,0.001002004008016032,0.002,0.9849548645937813,0.01503006012024048
T11427700,T11427700,7,1972,2.52,0.985786802030457,0.0,1.0,0.0,1.0,0.0,0.001002004008016032,0.002,0.9849548645937813,0.01503006012024048
T11427700,T11427700,7,1976,0.83,0.985786802030457,0.0,1.0,0.0,1.0,0.0,0.001002004008016032,0.002,0.9849548645937813,0.01503006012024048
T11427700,T11427700,7,2007,1.41,0.985786802030457,0.0,1.0,0.0,1.0,0.0,0.001002004008016032,0.002,0.9849548645937813,0.01503006012024048
T11433260,T11433260,7,1979,39.1,1.0,0.0,1.0,0.0,0.9690000000000001,0.031000000000000003,0.0,0.0,0.7442326980942828,0.2575150300601202
T11433260,T11433260,7,1976,20.74,1.0,0.0,1.0,0.0,0.9690000000000001,0.031000000000000003,0.0,0.0,0.7442326980942828,0.2575150300601202
T11433260,T11433260,7,1977,10.59,1.0,0.0,1.0,0.0,0.9690000000000001,0.031000000000000003,0.0,0.0,0.7442326980942828,0.2575150300601202
T11433260,T11433260,7,1981,29.77,1.0,0.0,1.0,0.0,0.9690000000000001,0.031000000000000003,0.0,0.0,0.7442326980942828,0.2575150300601202
T11433260,T11433260,7,1975,61.39,1.0,0.0,1.0,0.0,0.9690000000000001,0.031000000000000003,0.0,0.0,0.7442326980942828,0.2575150300601202
T11433260,T11433260,7,1966,28.52,1.0,0.0,1.0,0.0,0.9690000000000001,0.031000000000000003,0.0,0.0,0.7442326980942828,0.2575150300601202
T11433260,T11433260,7,1968,29.0,1.0,0.0,1.0,0.0,0.9690000000000001,0.031000000000000003,0.0,0.0,0.7442326980942828,0.2575150300601202
T11433260,T11433260,7,1972,43.81,1.0,0.0,1.0,0.0,0.9690000000000001,0.031000000000000003,0.0,0.0,0.7442326980942828,0.2575150300601202
T11433260,T11433260,7,1985,34.32,1.0,0.0,1.0,0.0,0.9690000000000001,0.031000000000000003,0.0,0.0,0.7442326980942828,0.2575150300601202
